aX,aY,aZ,gX,gY,gZ
-4,-2.22,-0.97,160.46,710.21,552.92
-4,1.45,-0.6,181.58,430.6,1034.67
-4,4,-2.51,757.51,432.56,550.35
-2.55,4,-2.8,640.01,-187.62,520.2
-0.38,3.8,-1.46,-229.19,24.23,196.29
-0.54,2.03,0.25,13.43,-86,101.2
-0.51,2.03,0.39,8.3,-18.37,102.23
-0.82,1.45,-0.22,113.34,49.56,-18.68
-0.75,1.27,-0.72,93.26,23.13,-17.03
-0.79,1.17,-0.56,15.14,13.18,-41.5
-3.4,-2.87,2.2,64.94,360.72,173.77
-4,-3.22,3.58,323.43,432.13,446.23
-4,0.35,3.88,569.15,289.31,1035.52
-4,4,4,454.16,113.89,1167.72
-4,4,-2.87,661.62,158.2,304.99
-0.07,4,-2.6,72.63,1.22,64.7
-1.17,-0.64,-0.29,36.13,-182.07,41.38
-0.56,2.58,0.06,84.23,-99.61,72.81
-0.58,1.55,-0.29,32.17,42.79,-98.82
-1.03,0.76,-0.29,25.21,39,-131.29
-3.23,-2.18,1.97,-143.8,470.28,0.12
-4,-2.19,2.53,-177.73,991.21,82.64
-4,-1.8,-0.52,-57.8,1375.37,220.21
-4,-1.26,-3.9,243.84,970.52,590.64
-4,4,-4,859.31,522.64,892.76
-1.98,4,-4,554.38,-159.42,541.14
-1,3.88,-1.13,-213.38,-176.64,223.94
-0.71,2.07,0.77,46.88,-154.17,120.91
-0.95,1.58,0.42,56.03,-9.77,75.62
-1.05,1,-0.31,117.49,34,46.08
-4,1.07,-3.09,527.65,718.2,591.31
-4,4,-4,648.62,504.21,763.85
-0.78,4,-4,587.59,-50.84,330.93
-0.9,1.14,-1.48,-241.58,95.76,149.29
-0.37,2.34,-0.69,157.9,-61.1,171.26
-0.11,2.45,-0.57,60.3,-5.07,149.6
-0.2,1.72,-0.39,78.49,20.2,68.66
-0.34,1.69,-0.83,147.22,61.16,-5.98
-0.67,1.8,-0.89,69.46,11.23,-53.59
-0.84,1.79,-0.63,63.6,-48.77,-85.21
-4,2.34,1.33,585.94,153.99,777.53
-4,4,4,629.94,-151.67,1148.38
-4,4,2.85,329.53,130.25,1089.54
-1.32,4,-3.73,352.78,-84.41,-255.55
-1.42,2.36,-0.77,44.19,-51.76,302.98
0.12,4,0.58,14.65,-68.24,189.27
-0.36,2.35,-0.08,48.77,18.01,-72.94
-0.81,1.67,-0.68,2.26,27.47,-41.81
-0.91,2.02,-0.33,-12.63,22.03,-79.83
-1.21,1.99,-0.56,-15.26,-10.62,-152.47
-4,-3.23,-1.88,-471.68,1407.1,-5.86
-4,0.98,-0.35,901.12,381.96,370.24
-4,4,-3.76,889.04,65.31,1211.3
-2.51,3.09,-2.69,-202.03,-149.96,-100.59
-1.9,1.83,0.41,36.01,-108.34,309.27
-0.45,4,1,66.16,-88.5,195.92
-0.98,1.67,0.46,83.19,64.09,-65.55
-0.94,1.4,-0.43,145.94,11.66,-17.03
-0.79,1.64,-0.24,43.82,19.71,-44.07
-0.77,1.66,-0.05,53.34,5.55,-83.31
-4,2.06,1.33,594.97,570.01,865.3
-4,4,0.78,295.1,570.13,1234.68
-4,4,-1.36,686.83,348.14,920.29
-1.92,4,-3.92,388.98,-121.83,61.4
-1.06,2.08,0.25,-327.09,-57.5,272.95
-0.06,3.12,0,164.61,-46.33,154.48
-0.08,2.69,-0.23,53.71,7.39,54.02
-0.25,2.18,-0.55,-1.04,73.61,-42.11
-0.73,1.77,-0.84,50.66,72.14,-109.5
-0.87,1.73,-0.36,16.66,13.18,-109.92
-4,-2.53,1.38,251.22,195.56,327.33
-4,-1.94,1.12,373.05,304.99,690
-4,0.72,1.85,381.23,95.15,998.35
-4,4,1.07,113.16,296.08,1066.77
-3.17,4,-2.46,400.94,136.17,200.2
-2.21,1.07,-2.1,77.51,17.88,53.89
-0.21,2.7,-0.26,56.7,-21.73,148.38
-0.09,2.3,-0.35,70.43,10.07,9.64
-0.52,1.8,-1.01,21.12,62.07,-15.56
-0.36,2.07,-0.72,44.31,-0.18,-73.91
-4,1.32,-2.42,-64.39,1041.44,998.9
-4,2.96,-2.51,55.6,473.33,832.89
-4,4,-1.45,762.51,114.44,641.72
-2.03,2.18,-2.52,14.95,-32.71,-13.67
-1.3,1.57,-0.91,49.93,-30.52,210.08
-0.37,3.44,-0.55,66.35,-84.72,163.27
-0.34,1.94,-0.32,54.44,-38.02,-40.28
-0.62,1.34,-0.91,102.36,13,-62.44
-0.83,1.66,-0.93,103.64,-44.07,-97.9
-1.04,1.72,-0.86,113.77,-52.98,-185.3
-4,-4,-2.07,-230.65,1284.79,53.16
-4,1.06,-1.32,640.14,513.43,498.78
-4,4,-4,572.39,552.98,749.33
-1.16,4,-4,173.71,46.2,82.52
-1.22,1,-2.57,-122.13,102.11,163.39
-0.08,2.72,-1.88,142.76,-69.46,126.28
-0.31,1.51,-1.04,-22.95,-29.11,41.02
-0.43,0.95,-1.06,90.15,-32.17,5.31
-0.42,1.63,-1.18,225.65,-89.11,-62.44
-0.89,1.55,-1.05,150.7,-86.98,-131.47
-4,-1.35,-2.25,-58.11,1185.97,467.47
-4,0.24,-2.84,-0.79,1149.48,661.74
-4,4,-2.63,623.23,400.21,782.04
-2.03,4,-2.94,196.29,135.5,378.36
-2.17,0.54,-2.66,117.86,55.97,106.81
-1.21,3.27,-0.69,75.38,-142.76,312.93
-0.48,2.84,-0.33,61.04,-21.48,95.28
-0.62,1.54,-1,120.42,-5.07,17.88
-0.49,1.77,-1,82.7,-1.65,-0.92
-0.66,1.61,-0.82,83.86,-27.4,-60.06
-3.36,-2.95,0.94,111.88,266.24,288.94
-4,-2.86,1.81,297.06,328.98,510.01
-4,0.86,2.28,505.37,144.41,618.47
-4,4,2.81,328.06,-21.06,645.08
-1.35,4,-0.21,313.54,-10.19,340.09
-1.63,2.89,-1,139.34,-36.13,30.82
-1.16,1.5,-0.85,82.76,-49.56,83.98
-0.21,2.68,-0.23,46.14,-23.5,76.9
-0.45,1.9,-0.8,15.08,-9.22,-28.87
-0.49,1.58,-0.61,-26,-35.28,-33.14
-4,3.03,-2.13,882.08,500,668.09
-4,4,-2.34,516.97,262.27,922.79
0.21,4,-3.54,446.47,20.02,218.2
-1.49,0.99,-1.77,-73.06,22.28,176.94
-0.88,3.09,0.09,134.95,-159.73,209.23
-0.79,1.86,0.32,20.2,-42.42,101.26
-0.77,1.35,-0.28,151.31,-26,56.46
-0.64,1.25,-0.44,114.26,-45.96,2.2
-0.45,0.93,-0.12,8.06,-27.1,-13.24
-0.46,0.69,-0.28,46.45,11.54,-34.18
-4,-3.05,-1.44,168.7,1053.96,302.19
-4,-1.74,-3.99,169.19,820.56,797.49
-4,4,-2.48,309.02,514.53,844.06
-4,4,-3.03,695.37,89.54,689.03
-0.54,4,-3.03,108.4,-34.55,277.59
-0.78,1.49,0.04,-190.61,-71.66,72.08
0,2.95,-0.24,324.4,-115.3,216.98
-0.48,1.44,-0.36,82.64,5.92,35.83
-0.79,1.12,-0.31,122.31,-15.32,20.45
-0.78,1.55,-0.6,175.84,-35.03,10.93
-4,0.56,-2.91,15.44,1223.75,689.88
-4,2.13,-3.05,183.17,560.3,708.56
-4,4,-2.56,749.82,149.84,637.02
-1.18,3.86,-2.92,-68.54,180.85,297.36
-1.33,2.14,-1.55,153.2,44.25,224.73
-0.6,3.32,-0.78,132.87,-11.23,198.18
-0.57,1.95,-0.36,33.2,21.79,76.66
-0.58,1.42,-0.7,117.61,0.18,20.45
-0.42,1.56,-0.47,59.02,3.85,-6.71
-0.49,1.58,-0.28,11.11,-7.75,-34.18
-4,3.75,-0.09,546.63,525.63,801.76
-4,4,1.16,584.59,186.28,780.88
-0.74,4,-4,556.09,88.81,0.06
-1.29,0.72,-1.19,-74.04,-76.17,36.62
-0.31,2.07,-0.99,115.48,-30.52,162.72
0.21,2.53,-0.82,65.43,-44.07,90.52
-0.18,1.4,-0.41,37.9,-51.7,-32.96
-0.45,1.12,-0.7,2.56,-7.26,-53.77
-0.46,1.01,-0.54,-25.7,-39.12,-56.09
-0.4,0.89,-0.36,-12.21,-50.78,-76.97
-4,2.97,-0.23,668.27,389.4,943.6
-4,4,2.34,528.2,55.6,1047.67
-1.44,4,-3.21,812.01,-181.15,208.8
-0.72,1.79,0.4,-350.89,-78.25,82.95
-0.05,1.69,0.11,37.72,-72.39,94.54
0.17,2.2,0.21,63.78,-48.77,68.54
-0.15,2.03,-0.14,106.02,-1.95,-11.17
-0.65,2.21,-0.7,95.09,21.85,-75.32
-0.94,1.99,-0.58,43.64,-5.8,-136.41
-1.04,2.29,-0.91,166.08,-104.61,-223.33
-4,-3.14,-0.65,464.78,657.47,175.9
-4,-1.18,-2.73,524.66,264.28,953.19
-4,4,2.02,221.13,108.34,1146.55
-1.43,4,-3.75,784.61,-199.83,258.61
0.2,3.36,-0.46,-223.45,-57.07,286.99
0.22,2.06,0.8,-12.21,-68.18,136.35
0.3,2.51,0.19,80.57,-23.56,96.8
-0.22,2.09,-0.3,58.96,55.48,-30.4
-0.79,1.77,-0.78,19.23,93.38,-92.1
-1.25,1.64,-0.52,-62.44,94.73,-158.69
-3.96,-3.13,2.18,129.09,309.2,250.67
-4,-3.04,4,434.14,279.54,475.95
-4,-0.09,2.77,388.18,212.28,1073.97
-4,4,2.66,438.66,314.03,815.98
-1.57,4,-3.43,928.34,-191.59,193.85
-0.91,1.13,-0.85,-251.77,-73.06,121.64
0.71,2.9,0.89,68.48,-84.47,79.16
0.34,2.31,-0.08,-23.56,72.81,3.42
-0.45,2.26,-0.82,-10.74,101.26,-14.34
-0.36,2.31,-0.74,-38.27,52.8,-73.49
-4,-1.36,2.2,432.62,640.32,126.95
-4,0.93,-0.31,527.1,844.97,662.54
-4,4,-3.64,619.87,478.94,854.31
-2.74,4,-4,685.06,-21.42,573.55
-0.64,2.26,-1.51,-322.94,-26.79,132.26
-0.25,1.6,-0.45,16.66,22.09,161.5
0.56,4,-1.16,163.45,77.15,184.94
-0.17,2.01,-0.98,59.45,20.69,-34.97
-0.81,1.84,-1.16,106.45,29.3,-108.58
-1.25,1.78,-1.3,65.12,47.85,-146.97
-4,-0.81,2.52,553.65,475.28,435
-4,4,3.46,554.5,322.33,1096.5
-4,4,1.27,946.72,495.67,674.74
0.67,4,-3.87,-130.31,7.32,225.1
-1.07,-0.02,0.07,107.73,-74.65,28.5
-0.43,3.42,0.45,114.69,-119.75,254.7
0.58,3.89,-0.29,46.51,4.7,108.34
-0.49,2.3,-0.72,128.42,38.21,-147.77
-0.88,1.63,-0.58,-21.73,43.58,-90.88
-0.82,2.07,-0.6,-66.53,50.72,-85.27
-4,2.76,-2.03,1004.27,524.41,426.15
-4,4,-0.6,860.47,-56.88,945.01
-0.29,4,-3.78,329.04,102.72,73.3
-0.94,2.36,-0.67,-261.54,-204.59,55.54
-0.16,1.89,-0.11,-36.99,-70.92,82.21
0.08,2.35,-0.55,208.98,-72.51,50.9
-0.03,2.45,-0.53,129.52,-77.82,-49.26
-0.75,2.03,-1.5,162.96,-26.49,-213.99
-1.55,1.6,-1.81,177.31,-162.29,-298.71
-1.27,1.91,-1.89,261.84,-229.25,-279.42
-4,1.52,-2.85,759.03,544.37,696.47
-4,4,-0.7,342.59,180.97,1139.83
-1.33,4,-2.75,509.58,173.16,324.65
-2.35,1.25,-0.85,-206.48,-39.31,65.06
-1.07,3.14,-0.13,123.05,-66.41,275.45
-0.28,3.73,-0.18,132.51,-64.82,111.21
-0.62,2.14,-0.27,5,18.13,-63.72
-1.07,1.71,-0.72,84.96,23.56,-120.48
-1.33,1.89,-0.79,61.52,-19.1,-159.42
-1.61,2.05,-0.83,108.15,-76.05,-242.92
-4,4,2.82,468.14,47.36,970.95
-4,4,2.18,336.06,109.74,931.15
-1.9,4,-1.22,523.8,12.88,272.52
-1.84,1.13,-1.29,-22.64,-23.93,-57.74
-0.68,2.19,-0.17,18.13,-77.82,249.82
0.31,3.92,0.16,11.84,-44.92,142.09
-0.33,2.54,-0.32,42.3,17.76,-133.18
-1,1.88,-0.67,31.01,36.87,-155.7
-1.42,2.26,-0.64,-47.73,28.87,-153.32
-1.68,2.2,-0.58,-53.34,-44.19,-244.08
-4,3.92,4,515.5,-87.4,1022.46
-4,4,2.57,323.67,304.81,1064.27
-2.43,4,-0.79,867.19,88.75,238.53
-1.22,1.68,-1.25,-27.22,13.67,-200.01
-0.74,0.72,-0.46,-19.84,53.22,136.6
-0.16,2.67,-0.15,107.12,-7.69,161.62
-0.17,2.73,0.03,33.08,26,34.48
-0.5,1.95,-0.58,-8.73,63.23,-123.23
-1.06,1.77,-0.46,-72.45,41.56,-86.98
-1.08,1.87,-0.37,-129.76,16.66,-38.27
-4,4,-1.77,345.83,692.57,955.02
-4,4,-4,1335.39,-41.32,718.14
0.02,3.91,-3.01,-472.05,165.77,98.33
-0.44,1.71,-0.25,87.1,-29.91,156.98
0,3.46,-1.49,157.59,108.76,145.87
-0.23,1.99,-1.44,32.71,54.69,-15.26
-0.6,1.38,-1.09,48.71,2.69,-29.54
-0.57,1.67,-1.08,70.92,-42.05,-33.87
-0.91,1.46,-0.72,-10.38,-63.29,-97.66
-1.05,1.32,-0.88,28.93,-82.58,-122.31
-4,-2.57,-1.91,-115.54,833.62,272.09
-4,-3.97,-2.31,-318.6,1007.45,402.95
-4,0.98,-4,526.37,651.06,783.08
-4,4,-1.63,451.42,179.57,791.75
-1.99,3.72,-3.58,-51.76,219.18,167.24
-1.24,3.95,-2.3,170.29,-74.65,254.21
-0.59,3.82,-0.15,35.46,-165.71,139.34
-0.22,2.36,-0.53,92.1,-60.73,-5.55
-0.47,1.69,-0.74,101.01,-45.53,-70.86
-0.73,1.87,-1.03,94.06,-12.7,-113.22
-3.71,-2.8,2.13,107.54,281.62,225.1
-4,-2.16,3.3,518.43,341.06,437.99
-4,0.08,2.72,514.22,167.97,951.23
-4,4,2.79,343.2,121.4,1099.18
-4,4,3.76,500.37,67.93,899.54
-2.45,4,-1.05,336.61,77.21,301.82
-2.03,1.31,-2.48,58.65,40.89,30.09
-0.65,3.43,-0.6,42.48,-94.79,151.67
-0.48,2.29,-0.61,-8.61,-41.99,25.27
-0.46,2.08,-1.07,48.83,-47,-10.68
-4,2.11,1.38,709.96,333.44,888.79
-4,4,1.43,422.91,195.37,1375.12
-4,4,2.75,281.37,228.21,1397.83
-1.1,4,-0.38,782.23,5.74,578.98
-3.28,-0.12,-2.57,-51.21,149.48,-198.67
-1.61,2.97,-0.05,101.44,-176.51,364.44
0.53,4,0.17,-74.04,22.77,45.84
-0.97,1.4,-1.7,235.23,43.33,-130.86
-0.67,1.97,-0.73,-52,-48.34,-4.27
-0.6,2.19,-0.28,-17.94,-9.89,-71.72
-4,1.71,1.71,402.65,580.08,442.87
-4,3.18,1.7,476.87,722.96,548.03
-4,2.99,0.13,726.38,629.27,567.81
-4,4,2.39,633.12,71.04,655.52
-2.9,4,-2.56,629.03,289.92,441.96
-0.99,4,-2.07,416.93,-260.62,83.44
-1.39,1.27,-1,81.67,-37.9,10.13
-0.57,1.35,-1.53,112.67,-77.03,134.52
-0.1,2.07,-0.74,15.44,-88.07,88.5
-0.46,1.45,-0.76,33.14,13.24,-81.24
-3.34,-3.03,1.47,70.37,268.25,173.03
-4,-3.13,1.92,369.08,272.34,344.42
-4,-1.16,2.08,427,277.04,805.91
-4,3.41,3.52,508.61,122.19,929.81
-4,4,3.3,857.3,-96.98,474.18
0.26,4,0.15,155.4,118.77,311.1
-1.85,1.08,-3.52,109.99,63.42,-6.71
-0.01,2.82,0.17,52.25,-190.73,57.56
-0.18,1.74,-0.62,-28.87,-53.77,17.03
-0.41,1.55,-0.99,-7.81,-78.19,-6.29
-4,-3.06,1.17,103.27,258.67,78.37
-4,-2.09,1.53,379.64,225.1,475.34
-4,2.65,2.06,430.3,239.14,700.56
-3.81,4,-0.44,407.17,190.12,653.99
0.03,4,-4,574.46,-158.75,-100.4
-0.11,1.17,-0.75,-24.9,-49.13,34.06
-0.07,1.19,-1.94,-15.69,73.73,90.76
0.2,0.92,-0.83,14.83,-50.29,25.76
0.27,0.68,-0.6,33.14,-35.34,19.41
0.42,0.98,-0.6,52,-23.62,13.31
-4,3.29,2.17,738.59,221.07,761.9
-4,4,-0.48,414.61,526,803.1
-1.44,4,-3.94,692.32,-115.17,19.59
-0.71,1.24,-1.92,-91.67,-46.45,42.54
0.1,1.42,-1.09,-49.32,-44.37,93.69
-0.06,1.47,-1.09,28.56,-61.16,1.95
-0.37,1.19,-1.2,3.97,-7.69,-22.09
-0.52,1.19,-1.49,4.88,-20.94,-51.7
-0.65,1.28,-1.12,16.11,-74.65,-109.74
-0.77,1.29,-1.05,-3.6,-76.23,-144.23
-4,2.27,1.6,530.94,293.15,983.83
-4,4,1.03,321.23,391.17,1004.64
-4,4,0.41,790.77,-251.53,493.77
0.56,4,-3.19,26.12,146.3,181.09
-0.47,0.91,-0.52,-119.08,13.43,-10.5
-0.06,1.84,-1.1,39.61,15.26,66.89
0.03,1.93,-1.01,-31.13,-20.51,44.43
-0.17,1.49,-1.36,11.29,-27.1,-44.8
-0.57,1.64,-1.37,-16.78,-48.1,-54.81
-0.57,1.8,-1.09,-34.67,-102.23,-106.14
-4,3.51,0.38,749.39,281.37,683.23
-4,4,-0.95,605.53,406.49,937.01
-2.92,4,-2.13,719.24,4.76,665.71
-1.49,2.21,-1.87,-98.27,-102.42,-30.82
-0.96,1.81,-0.33,-61.28,-114.5,156.86
-0.21,2.86,-0.57,77.51,-65.43,130.62
-0.19,2.28,-0.59,48.77,-60.36,-35.58
-0.57,1.59,-0.57,52.67,-30.15,-112.67
-0.97,1.47,-1.01,74.52,-49.68,-170.35
-1.25,1.49,-1,144.84,-130.74,-249.57
-4,2.69,-2.06,409.42,433.29,717.22
-4,4,-1.64,558.96,157.47,930.18
-0.72,4,-3.22,443.24,71.66,406.74
-1.33,1.45,-0.84,-244.57,-56.09,83.68
-0.68,2.43,-0.34,106.93,-74.34,218.57
-0.11,3.16,-0.29,118.96,-67.2,163.39
-0.11,2.31,-0.38,50.96,-30.7,-11.9
-0.8,1.72,-0.6,133.12,-27.71,-134.09
-1.08,1.56,-0.73,52.61,-11.23,-164.61
-1.08,1.74,-0.56,36.01,-51.15,-184.39
-4,2.84,1.75,523.74,-45.72,808.17
-3.56,4,1.82,487.73,102.97,674.32
-2.32,4,0.04,619.75,-277.83,370.42
0.02,4,-0.16,224,-150.39,99.73
0.11,2.07,-0.94,16.48,-7.87,0.37
0.09,1.59,-0.77,-36.19,-13.43,21.36
-0.02,2.16,-0.82,-62.62,-0.12,6.1
-0.22,1.75,-0.93,-116.58,16.6,-62.32
-0.61,1.31,-1.13,-45.59,-9.64,-127.69
-0.77,1.27,-1.19,-65.8,-6.35,-108.15
-4,3.01,-0.53,774.6,-147.95,547.18
-4,4,0.24,367.98,-240.91,922.18
-1.07,4,-0.55,376.04,-82.15,463.38
-0.33,2.52,-0.78,58.41,-63.29,37.23
-0.33,1.73,-0.41,-46.75,-15.14,108.58
-0.08,2.18,-0.46,25.88,-25.33,98.69
-0.11,2.12,-0.22,-15.56,-45.17,22.03
-0.5,1.53,-0.49,-8.3,18.01,-74.46
-0.87,1.37,-0.67,-1.89,35.34,-109.44
-1.01,1.41,-0.89,29.11,-3.6,-138.85
-4,1.61,2.76,584.29,42.36,711.36
-4,4,1.69,539.86,126.65,688.6
-2.76,4,-0.76,621.4,-189.58,224.85
-0.54,3.25,-0.67,250.24,-215.33,58.41
-0.1,1.54,-0.73,-12.02,-29.42,64.94
0.08,1.44,-0.7,21.12,-54.81,38.94
0.04,1.47,-0.39,-41.99,-46.88,51.09
-0.17,1.34,-0.39,18.86,17.33,-21.36
-0.47,1.18,-0.51,6.04,49.68,-66.04
-0.46,1.34,-0.37,-9.16,59.2,-60.49
-4,0.64,-2.88,645.32,580.26,409.79
-4,4,-2.04,536.19,299.38,794.49
-3.56,4,-1.04,541.5,136.05,392.82
-1.22,3.69,-2.23,162.41,118.53,211.85
-0.94,1.83,-1.14,7.14,11.78,138.18
-0.52,2.14,-0.56,87.46,-50.6,142.52
-0.26,2.14,-0.34,36.99,-32.41,75.32
-0.56,1.63,-0.68,73.97,-3.72,-65
-1,1.41,-0.83,52.98,-7.63,-104.06
-1.22,1.49,-0.87,58.11,-31.25,-145.63
-4,-1.25,2.41,357.97,177.12,437.07
-4,0.61,1.23,485.53,254.15,827.45
-4,3.8,1.28,215.21,268.74,1033.14
-4,4,-1.39,617.13,274.84,400.27
-2.07,4,-1.89,497.8,-254.7,202.51
-0.02,3.27,-1.11,-66.71,31.86,264.95
0.05,1.4,-0.76,98.88,-37.78,2.32
-0.21,1.35,-0.64,70.74,-15.56,42.36
0.02,1.99,-0.7,-48.77,54.26,16.72
-0.44,1.35,-0.93,8.73,31.86,-86.36
-3.85,-1.6,2.09,336.36,120.79,268.25
-4,-0.89,2.09,458.86,195.98,609.8
-4,1.75,1.85,547.55,194.4,942.69
-4,4,2.56,306.76,76.11,906.49
-3.28,4,1.52,522.83,201.42,523.74
-0.95,4,-1.73,372.56,52.73,-90.52
-1.6,0.72,-2.49,178.47,-41.5,-111.76
-0.1,2.29,-0.41,-21.67,-66.22,143.43
-0.21,1.86,-0.84,23.13,-53.22,-14.65
-0.44,1.52,-0.91,65.86,-74.89,-79.35
-4,1.91,-1.32,466.8,409.55,726.2
-4,4,-0.71,254.88,279.36,941.89
-3.17,4,-1.97,491.7,25.15,292.72
-2.16,1.66,-1.8,46.57,-17.15,146.12
-1.37,4,-0.78,258.67,-142.15,264.65
-0.56,2.84,-0.38,76.42,-47.18,-70.98
-0.61,0.9,-0.39,31.56,-48.52,-71.96
-0.79,1.3,-0.36,76.84,-46.2,-76.17
-0.88,1.02,-0.02,21.91,-34.61,-131.47
-1.12,1.06,-0.33,10.07,31.37,-148.56
-4,0.86,2.39,477.78,175.42,389.04
-4,2.74,3.67,659.24,71.9,562.74
-4,4,1.59,605.35,39.86,909.48
-4,4,3.4,243.65,214.72,853.82
-0.98,4,-3.99,857.36,14.16,64.39
-0.82,2.4,-1.6,32.23,-251.16,-62.13
-0.54,0.79,0.21,2.62,-62.5,196.35
-0.27,2.19,-1.07,121.03,-14.4,194.89
-0.16,2.08,-0.57,25.39,-111.57,60.61
-0.46,1.38,-0.39,44.13,-19.41,-76.78
-4,1.51,1.71,362.61,7.02,898.25
-4,4,0.43,367.43,184.14,945.01
-2.24,4,1.81,488.53,65.06,268.62
-0.76,2.43,-2,123.05,21,-124.02
-0.56,1,-1.18,-96.8,55.36,100.52
-0.14,1.73,-0.63,30.76,-52.37,48.22
0.01,1.75,-0.85,-34.73,-9.46,18.74
-0.29,1.54,-1.01,38.7,-20.39,-47.36
-0.45,1.64,-0.91,48.46,-41.75,-70.92
-0.59,1.64,-0.67,52.61,-75.13,-111.02
-4,2.24,-1.43,684.51,354.13,771.67
-4,4,-0.64,295.1,187.01,994.63
-2.93,4,-0.64,423.4,130.92,437.19
-1.64,1.8,-2.2,-8.3,75.13,-32.84
-1.07,1.41,-0.66,-108.83,21,204.1
0.16,3.21,-1.15,-23.32,18.98,78.25
-0.62,1.16,-0.8,42.97,-24.72,-51.51
-0.66,1.06,-0.77,51.09,-43.33,-21.85
-0.77,1.64,-0.68,61.22,-52.49,-81.24
-1.04,1.56,-0.76,52.73,-41.93,-160.52
-4,2.46,1.5,401,100.04,812.5
-4,4,1.02,325.93,175.6,813.48
-3.43,4,-0.96,803.71,-30.15,492.55
-1.39,1.65,-1.48,-373.11,90.45,-94.73
-0.94,-0.39,-0.82,-1.1,0.55,98.75
-0.54,2.17,-0.79,76.42,-59.69,214.9
-0.09,2.3,-0.48,-44.43,-3.3,29.97
-0.53,1.32,-0.86,68.73,40.47,-144.29
-0.76,1.59,-1.07,80.57,31.25,-151.67
-0.88,1.81,-0.96,-2.38,7.2,-147.58
-3.68,-2.49,1.4,324.28,64.64,214.42
-4,-1.37,2.08,487.24,-7.51,573.18
-4,2,0.89,349.24,31.49,881.23
-4,4,2.42,24.23,5.25,767.52
-1.46,4,-2.89,663.02,198.85,129.52
-1.18,1.59,-2.65,104.19,-78,-99.18
-0.37,1.58,-1.34,-116.21,-53.71,152.89
0.3,2.31,-0.63,-19.23,-30.82,74.04
-0.25,1.4,-1.25,-26.06,8.79,-13.73
-0.3,1.33,-1.1,-15.38,-16.24,-12.21
-4,-0.88,-2.94,188.9,565.98,425.05
-4,0.57,-3.36,15.5,287.48,710.27
-4,4,-2.89,-229.61,696.78,1005.55
-3.31,4,-4,290.22,304.44,500.61
-1.76,2.69,-2.67,116.33,24.29,369.93
-0.86,3.34,-0.92,116.88,26.98,339.54
-0.26,4,-1.04,175.11,11.9,175.66
-0.28,2.25,-1.1,55.91,-28.99,-65.86
-0.68,1.05,-0.65,61.34,-63.72,-59.69
-0.66,1.3,-0.48,43.03,-38.33,-67.44
-3.63,-2.15,2.31,-41.75,216.13,-27.04
-4,-1.5,2.37,308.35,590.58,363.65
-4,0.72,1.41,148.86,1088.13,830.87
-4,2.87,-2.33,821.17,487.12,824.04
-4,4,0.21,263.98,-51.27,1108.83
-2.99,4,-3.63,368.77,236.45,745.79
-1.47,2.28,-2.08,28.81,-8.18,-84.66
-0.8,1.72,-0.74,44.74,-18.31,248.84
0.01,3.86,-0.5,82.09,-30.76,155.15
-0.34,1.85,-0.34,85.94,-7.2,-114.2
-3.94,-1.23,2.26,222.29,488.71,134.52
-4,-0.55,1.87,334.11,641.36,330.99
-4,-0.06,-0.83,428.34,654.3,888.61
-4,4,-0.09,687.44,172.42,1054.63
-4,4,-0.03,257.2,38.94,1003.42
-0.95,4,-1.34,438.72,-39.98,329.1
-0.68,1.93,-0.94,-138.24,77.15,20.69
-0.22,2.36,-0.75,16.72,5.37,85.08
-0.11,2.38,-1.05,-85.63,23.74,43.64
-0.31,1.27,-0.41,33.69,-35.77,-73.12
-3.81,-1.21,2.39,299.87,433.9,95.46
-4,-0.74,3.14,559.94,419.13,316.47
-4,0.34,1.14,753.36,331.12,801.51
-4,4,4,619.08,14.65,1000.12
-4,4,1.99,828.55,117.13,678.71
-0.68,4,-1.39,465.64,-76.17,-131.77
-1.28,-0.33,-1.52,-142.94,27.22,49.8
-0.48,2.29,0.06,64.94,-21.18,191.77
-0.11,2.56,-0.25,-21.3,21.85,50.66
-0.66,1.34,-0.83,47.61,17.64,-73.91
-4,1.14,-2.49,12.88,944.58,952.82
-4,4,-2.31,526.12,216.74,679.5
-4,4,-1.78,380.74,-105.9,843.08
-0.42,2.49,-1.52,-92.71,29.79,22.16
-0.44,2.9,-1.44,153.81,-34.3,186.04
-0.03,3.81,-0.7,79.71,-10.62,65.55
-0.51,1.52,-0.37,36.32,5.19,-83.56
-0.69,0.95,-0.71,47.55,22.09,-62.26
-0.71,1.08,-0.67,58.84,16.24,-83.56
-0.99,1.07,-0.45,10.62,14.47,-120.18
-4,2.66,1.22,426.51,289.37,970.34
-4,4,0.41,242,510.38,936.22
-3.98,4,-1.97,845.83,96.92,337.16
-1.15,2.3,-1.66,116.7,-104.13,-37.78
-0.39,1.28,-0.69,-132.08,-12.45,196.47
-0.09,1.94,-0.43,106.38,-9.03,106.26
-0.03,2.27,-0.6,67.32,-45.35,47.91
-0.42,1.66,-0.3,-24.11,12.02,-38.76
-0.69,1.24,-0.81,-47.91,55.24,-71.53
-1.05,1.24,-0.7,-21.55,-30.46,-71.04
-4,3.16,-1.21,553.59,419.37,800.54
-4,4,-3.94,625.43,320.68,735.23
-0.99,4,-4,368.47,-51.76,136.66
0.17,3.35,-1.98,-77.27,-10.99,241.52
0.02,2.34,-0.62,87.77,-72.39,12.57
-0.34,1.44,-0.65,55.66,-76.6,-71.66
-0.49,0.87,-0.93,68.18,-16.6,-67.87
-0.89,0.47,-1.22,51.51,-32.41,-106.93
-0.91,0.46,-0.85,5.62,-84.29,-83.68
-0.71,0.89,-1.22,63.05,-78,-98.02
-4,1.66,-2.95,371.03,890.93,755.43
-4,4,-2.98,230.71,519.71,1138.67
-3.92,4,-2.18,739.2,214.11,476.32
-2.09,0.75,-2.57,-188.66,96.31,-21.55
-1.27,4,-1.44,261.41,-139.04,446.41
0.63,4,-0.91,64.09,-20.75,-66.65
-1.17,0.7,-1.05,-25.82,37.48,-211.24
-1,0.85,-0.93,23.32,-58.59,-77.15
-1.16,1.14,-0.77,-19.04,-76.23,-107.36
-1.28,1.28,-0.7,-25.39,-64.7,-136.05
-3.8,-2.86,0.71,220.46,334.78,260.8
-4,-2.49,0.21,288.7,291.32,579.47
-4,-0.2,1.21,295.29,138.12,847.35
-4,4,0.73,233.89,288.45,986.94
-4,4,0.4,309.51,85.57,462.89
-1.81,3.84,-2.14,255,61.89,19.65
-1.33,1.89,-1.37,-28.2,21.79,118.59
-0.4,3.53,-1.07,13.79,-54.99,11.72
-0.66,1.26,-0.67,-21.42,-20.39,-81.67
-0.77,0.74,-0.55,-6.1,-30.82,-80.81
-2.16,-4,1.77,96.98,145.63,142.33
-4,-3.66,1.53,322.69,220.95,469.42
-4,-0.97,0.79,334.47,-8.48,773.62
-4,4,1.65,156.74,-0.67,773.62
-3.42,4,0.55,296.33,-0.49,488.53
-1.4,3.65,-1.61,129.09,47.79,-9.03
-0.97,1.52,-1.34,-58.78,-28.02,113.34
-0.22,2.65,-0.41,13.18,-36.93,80.93
-0.34,1.79,-0.64,6.71,-10.99,-15.56
-0.52,1.29,-0.76,-25.09,-8.24,-9.09
-3.81,-2.03,1.39,167.79,453.74,99.73
-4,-1.93,1.54,127.38,667.91,362.67
-4,-0.9,-0.91,419.13,727.29,690.67
-4,3.98,-2.24,342.83,312.62,816.89
-4,4,-2.34,390.62,252.81,503.6
-1.32,4,-2.43,471.37,-98.02,159.67
-0.17,2.36,-1.46,-96.86,34.55,179.57
0.07,1.38,-1.08,9.77,-2.81,78.12
0.05,2.03,-1.01,-48.34,-1.28,67.44
-0.29,1.43,-1.07,-53.53,0.24,-48.65
-4,3.12,-1.43,496.15,827.39,787.23
-4,4,-3.18,417.85,445.43,841.67
-4,4,-1.46,350.04,56.03,478.76
-1.14,2.29,-2.52,100.52,101.07,18.8
-0.75,1.39,-1.29,-26.43,-0.55,162.41
-0.13,2.24,-2.09,-17.52,40.53,-9.34
-0.49,0.98,-1.17,24.96,-22.89,-39.92
-0.44,1.21,-0.94,52.55,-75.99,-45.72
-0.68,1.27,-1.04,61.58,-55.54,-122.68
-0.97,0.88,-0.84,35.77,-61.04,-147.22
-4,2.43,-1.22,271.79,755.13,869.2
-4,4,-1.41,448.97,486.02,717.47
-4,4,-1.03,663.7,-13,602.42
-1.11,3.46,-2.2,154.72,-61.22,5.86
-0.77,0.98,-0.7,-45.17,-102.54,72.94
-0.28,2.95,-0.85,68.42,-15.81,166.63
-0.24,2.5,-0.65,55.91,-50.9,-68.66
-0.69,1.6,-0.61,12.63,-7.02,-155.82
-0.89,1.5,-0.91,68.85,-9.46,-169.49
-1.12,1.57,-0.96,84.29,-69.58,-240.97
-4,-0.74,-2.82,140.56,945.8,442.5
-4,0.51,-4,177.37,650.88,768.74
-4,4,-1.6,271.55,297,956.48
-0.88,4,-3,615.97,115.17,709.72
-1.43,2.88,-2.64,-53.53,62.68,-183.35
-1.55,1.29,-0.38,-134.22,-198.55,165.28
0.11,4,-0.92,134.34,-46.63,303.83
-0.42,2.06,-0.25,-26.49,-89.36,-153.38
-0.58,1.21,-0.71,58.78,7.69,-123.47
-0.97,1.36,-1.04,49.62,11.84,-168.15
-4,-0.99,2.36,-11.35,610.9,67.75
-4,0.71,1.13,291.75,1159.18,284.18
-4,-0.27,-4,403.02,985.6,653.14
-4,4,-3.11,570.92,289.37,1019.23
-4,4,-1.68,675.11,3.91,946.96
0.52,4,-3.35,-26.25,23.5,139.1
-1.4,1.1,0.31,-227.29,-60.97,111.57
-0.19,4,-0.89,93.93,40.47,112.61
-0.19,2.2,-0.35,105.59,-57.25,-46.69
-0.47,1.47,-0.63,93.02,62.93,-75.93
-4,1.95,-2.09,124.15,1153.32,782.23
-4,4,-1.88,680.42,640.01,818.42
-4,4,-3.97,839.72,189.39,626.77
-1.75,1.93,-1.86,-180.11,-181.95,-27.34
-0.73,2.95,-0.51,53.59,-20.39,338.87
0.18,3.61,-0.92,128.54,75.38,-18.55
-0.6,1.51,-0.81,-85.27,-41.02,-87.89
-0.83,0.83,-0.63,36.01,-14.83,-140.99
-1,1,-0.76,72.88,-33.2,-158.02
-1.11,1.26,-0.46,48.28,-83.56,-161.5
-4,3.36,-0.07,203.55,827.21,1108.76
-4,4,-0.98,210.02,817.2,878.48
-4,4,-4,1314.88,115.11,379.7
-0.99,2.77,-1.56,-456.91,73.12,148.32
-0.46,0.78,-0.16,18.31,39.73,49.32
-0.3,2.5,-1.1,266.6,17.21,35.4
-0.15,2.32,-0.85,38.45,-26.79,-5.55
-0.62,1.41,-1.05,14.83,63.96,-138.12
-1.11,1.28,-1.13,32.23,52.73,-202.39
-1.52,1.32,-0.91,7.69,-37.23,-178.59
-4,3.24,-0.89,640.81,399.48,766.97
-4,4,-3.12,533.94,565.06,814.09
0.02,4,-4,262.15,-119.81,-33.39
-1.05,1.04,-0.06,-331.42,-218.69,191.96
0.51,2.77,-1.48,145.94,85.33,264.71
0.04,2.16,-0.28,91.61,-48.77,-56.27
-0.22,1.44,-0.62,76.42,-83.01,-82.03
-0.93,0.84,-0.73,35.46,27.34,-141.85
-1.01,0.84,-0.66,81.24,6.53,-147.4
-1.04,1.16,-0.62,69.4,-25.7,-155.88
-4,-1.82,1.82,194.03,395.39,224.12
-4,-0.87,0.92,440.98,493.41,615.84
-4,2.72,0.96,411.07,255.92,1045.84
-4,4,1.2,310.49,370.48,824.04
-0.78,4,-4,943.42,14.89,96.25
-1.58,0.5,-1.67,-83.8,-128.97,-96.25
-0.3,1.65,-0.4,-26.25,-55.3,271.55
0.16,2.94,-0.42,55.3,29.91,45.41
-0.22,1.96,-0.47,10.19,-58.53,-98.57
-0.49,1.52,-0.75,-25.21,108.76,-115.11
-4,-1.57,2.17,342.04,207.46,239.62
-4,-0.32,2.2,611.82,258.18,635.07
-4,3.41,1.9,318.66,238.77,1062.32
-4,4,0.86,604.55,312.44,675.35
-0.46,4,-3.2,803.83,-174.8,130.43
-0.97,1.42,-0.76,-335.45,54.75,-27.22
-0.11,1.13,-0.5,19.1,-12.51,82.15
0.1,2.42,-0.66,96.68,7.2,72.02
0,2.22,-0.53,17.4,-22.28,-38.45
-0.57,1.63,-0.83,13.18,28.99,-129.46
-4,-0.76,-2.77,305.91,898.86,339.84
-4,1.87,-4,352.78,741.09,764.59
-4,4,-2.05,712.22,6.47,951.54
0.8,4,-2.38,237.79,16.36,279.3
-1.66,1.63,-1.27,-424.93,-13.43,37.05
0.06,4,-0.3,176.09,-24.66,112.06
-0.17,2.47,-0.83,221.92,-40.28,22.34
-0.67,0.92,-0.22,-84.17,-24.6,-93.93
-0.64,0.94,-0.52,142.03,4.88,-74.04
-0.83,1.19,-0.69,133.79,-1.1,-135.01
-4,0.8,-2.9,641.3,658.69,633.73
-4,4,-4,333.86,420.78,1003.66
-3.77,4,-3.22,650.21,58.29,568.91
-1.1,3.02,-2.13,-210.57,-44.62,12.88
-0.61,2.16,-0.19,-116.64,-99.43,224.91
-0.08,2.79,-0.53,131.04,14.89,150.33
-0.14,2,-0.42,97.05,-86.91,-15.26
-0.36,1.15,-0.29,-2.93,14.59,-49.8
-0.58,0.99,-0.46,79.59,10.38,-96.19
-0.84,1.32,-0.64,72.69,23.5,-144.29
-4,-2.35,1.12,-135.99,410.03,170.04
-4,-0.11,1.5,351.44,580.75,641.85
-4,2.97,-0.29,413.09,568.24,1011.29
-4,4,-0.33,263.85,397.34,907.47
-0.9,4,-4,956.24,103.64,291.44
-1.26,1.52,-1.2,-148.5,-125.67,-191.59
-0.38,1.64,-0.3,24.72,46.81,280.82
0.16,3.14,-0.64,133.36,3.85,64.94
-0.13,2.19,-0.29,14.83,-45.41,-63.23
-0.48,1.66,-0.51,-43.15,80.69,-80.81
-3.03,-2.61,1.7,94.18,321.84,124.82
-4,-3.03,2.34,260.93,342.71,307.62
-4,-1.04,1.22,389.34,372.86,786.19
-4,4,-0.31,223.21,223.94,911.5
-4,4,-1.76,480.35,297.42,439.15
-1.35,4,-3.89,297.61,-82.7,-62.19
-0.08,1.09,-0.7,-84.78,-24.23,78.49
0.23,1.39,-0.63,66.35,-39.98,21.79
0.27,1.73,-0.83,-10.99,36.32,36.25
-0.26,1.31,-1.15,11.35,33.81,-18.62
-4,2.49,-1.64,506.71,592.96,890.75
-4,4,-3.97,356.14,362.3,789.37
-1.51,4,-4,489.01,-14.77,305.3
-0.26,0.68,-1.55,-183.59,-35.16,155.4
0.16,1.99,-0.96,66.35,-52.98,162.66
0.22,1.87,-1.09,32.84,-18.92,54.99
-0.01,1.23,-1.14,29.05,4.58,-9.09
-0.14,1.02,-1.2,60.42,-3.17,-44.13
-0.34,1.22,-0.97,61.28,-21.48,-62.99
-0.38,1.17,-0.97,44.01,-31.19,-107.12
-4,2.42,-1.27,513.61,285.83,814.21
-4,4,-2.08,111.82,502.56,864.38
-2.82,4,-2.76,840.82,-129.39,279.24
-0.79,2.29,-1.99,-142.33,-23.74,148.5
-0.17,1.63,-0.6,-105.29,-65.12,203
0.01,1.81,-0.58,102.48,-28.99,101.56
-0.21,1.92,-0.87,77.03,30.76,15.93
-0.24,1.39,-0.84,6.65,23.93,-60.49
-0.43,1.11,-0.68,61.58,30.03,-119.45
-0.57,0.99,-0.77,58.9,-2.56,-113.77
-4,-2.33,0.96,70.5,902.89,-272.16
-4,0.55,-0.66,884.03,452.88,261.72
-4,4,-1.84,909.97,305.11,878.42
-0.8,4,-3.59,491.94,89.66,696.66
-0.86,2.97,-1.91,-38.21,-83.74,-131.23
-1.41,1.14,-0.57,-116.09,-112.06,40.77
0.18,3,-1.4,166.63,-12.45,238.65
-0.58,1.68,-0.51,-31.19,-69.95,-140.87
-0.77,0.92,-0.81,75.62,0.85,-169.43
-1.06,0.97,-1.25,90.58,9.89,-174.62
-4,3.44,-0.4,589.11,145.45,891.54
-4,4,-0.93,342.1,227.36,949.04
-2.15,4,-1.41,566.59,-44.19,398.86
-0.32,2.55,-1.43,-106.87,-29.91,-38.15
-0.7,1.15,-0.35,-71.47,-16.42,76.78
-0.25,2.14,-0.62,75.5,2.38,99.3
-0.23,1.95,-0.56,5.8,7.02,-41.56
-0.5,1.53,-0.68,0.79,69.82,-91.13
-0.84,1.4,-0.82,8.61,65.12,-137.57
-0.92,1.42,-0.83,5.13,34.18,-168.52
-4,2.92,1.19,411.56,144.84,1016.97
-4,4,2.15,295.1,-68.85,996.22
-2.48,4,-1.2,391.48,111.57,426.45
-1.23,1.59,-1.72,13.85,-7.69,-23.8
-0.56,1.41,-0.49,-26.25,-6.16,182.8
-0.16,2.49,-0.39,94.36,-6.96,96.01
-0.33,2.04,-0.54,22.28,15.5,-17.82
-0.6,1.43,-0.76,0.79,31.43,-64.33
-0.75,1.55,-0.77,8.54,28.02,-70.92
-0.7,1.65,-0.65,-3.85,-12.51,-108.4
-4,-0.83,-2.82,111.27,1021.48,561.65
-4,2.93,-3.34,618.41,294.19,789.98
-4,4,-0.45,311.46,-8.12,937.01
0.09,4,-2.55,168.15,46.02,22.58
-1.43,2.46,-0.65,-192.69,-31.86,116.82
0.53,3.72,-1.28,127.44,33.75,44.25
-0.85,1.1,-0.43,33.08,-34.42,-147.09
-0.65,0.78,-0.56,29.11,7.57,-45.96
-0.94,0.65,-0.76,16.66,14.28,-88.5
-0.98,0.63,-0.47,68.05,-18.25,-86.55
-4,2.29,-1.09,450.74,343.38,885.86
-4,4,-0.35,322.81,34.97,929.81
-2.89,4,-3.23,486.27,42.3,364.26
-0.63,2.5,-1.42,78.25,-174.38,-30.52
-0.12,1.34,-0.62,-111.33,64.51,199.16
0.1,1.78,-0.76,74.28,1.65,54.57
0.16,1.72,-0.42,108.28,-76.23,-34.3
-0.09,1.8,-0.73,-28.93,35.28,-23.8
-0.36,1.06,-0.55,-28.44,34.55,-110.05
-0.79,1.18,-0.65,-35.52,61.58,-82.46
-4,3.08,2.05,349.85,88.99,862.67
-3.93,4,1.62,363.16,254.21,711.85
-0.6,4,-2.58,483.4,-54.38,150.15
-1.16,1.11,-1.34,30.33,-49.26,55.54
-0.07,1.24,-1.13,-8.3,-25.51,136.05
0.29,1.58,-0.32,26.43,-58.65,62.07
0.11,1.35,-0.52,-0.06,22.16,24.17
-0.16,1.16,-0.88,11.05,9.34,-8.48
-0.26,1.5,-0.71,23.99,-13.79,-22.89
-0.39,1.5,-0.86,5.07,-13.55,-58.35
-4,1.88,-2.03,578.43,752.08,739.93
-4,4,-2.08,516.24,48.16,826.23
-2.69,4,-2.86,418.64,69.03,448.73
-0.67,1.63,-1.68,-162.11,-78.06,79.35
0.05,1.71,-0.23,-94.36,-74.89,180.3
0.15,2.55,-0.65,91.92,-2.99,72.02
-0.12,1.64,-0.71,51.7,26.43,-13.31
-0.25,1.31,-1.03,13,58.96,-68.73
-0.48,1.1,-0.88,43.88,14.53,-101.32
-0.69,0.99,-0.87,58.53,13.61,-132.69
-4,1.37,-2.42,590.52,846.19,485.96
-4,4,-3.98,699.58,466.55,829.22
-3.52,4,-3.4,982.91,-52.98,708.07
-0.81,3.25,-1.69,-403.08,-152.89,-39.31
-0.2,3.7,0.81,-163.64,-139.53,107.12
-0.09,1.86,-1.04,299.62,92.59,72.39
-0.16,1.38,-0.76,-16.97,-11.9,-23.01
-0.42,0.96,-0.42,37.35,-5.98,-68.42
-0.66,0.99,-0.86,163.39,49.07,-127.81
-0.98,0.95,-0.94,105.16,48.46,-138.24
-4,1.68,-2.62,775.57,671.69,578.8
-4,4,-3.81,781.25,347.84,1010.56
-1.26,4,-1.56,748.17,-261.6,504.76
-2.17,1.55,0.28,-461.24,-55.91,-67.99
0.29,4,-0.75,120.3,7.75,173.52
-0.57,2.24,-1.13,224.18,-9.7,8.24
-0.69,1.14,-0.78,68.91,47.61,-48.52
-0.79,0.86,-0.66,126.28,-53.53,-73.06
-0.82,0.88,-0.58,71.29,-32.65,-98.27
-0.97,0.76,-0.54,23.32,-15.56,-99.24
-4,2.35,-1.21,327.7,955.02,561.34
-4,4,-1.77,759.09,450.5,638.37
-4,4,-1.59,1005.31,-62.26,671.63
-1.08,2.94,-2.74,-177.06,-17.03,-148.56
-1.18,0.4,0.14,-301.15,-111.57,85.57
-0.05,3.22,-0.8,174.32,-9.34,289.12
0.15,2.27,-0.84,64.82,-19.53,-55.6
-0.35,1.16,-0.65,62.19,12.33,-103.52
-0.68,1.1,-0.91,61.83,2.81,-85.88
-0.75,1.39,-0.91,50.35,-8.67,-75.56
-4,2.34,1.46,349.98,146.73,816.89
-4,4,1.58,299.32,292.97,773.74
-2.17,4,-1.78,712.52,134.09,-59.02
-1.37,1.54,-1.68,-19.71,-108.76,-2.32
-0.42,1.58,-0.7,-65.55,-0.31,183.04
-0.12,2.22,-0.52,68.66,-16.78,33.33
-0.41,1.7,-0.61,10.07,-52,-47.18
-0.63,1.49,-0.86,0.24,12.15,-73.3
-0.8,1.43,-0.66,10.01,-3.54,-124.21
-0.9,1.24,-0.57,-22.34,5,-135.5
-3.87,-1.96,2.09,247.92,267.4,6.1
-4,-1.42,1.88,517.58,292.6,500.49
-4,1.51,1.51,500.73,333.31,926.45
-4,4,1.14,363.53,254.82,931.15
-4,4,0.34,410.16,159.55,542.42
-1.47,4,-2.49,519.35,-54.87,-128.11
-1.02,0.94,-0.98,-107.18,6.71,102.05
-0.18,1.87,-0.94,92.53,11.29,91.8
-0.15,2.43,-0.79,69.15,-27.04,-24.41
-0.49,1.86,-0.77,-1.77,21.36,-91.55
-4,2.95,0.47,262.88,659,1246.22
-4,4,-0.03,250,623.78,855.41
-3.18,4,-4,994.26,76.42,325.2
-1.5,1.61,-0.81,-233.64,-59.94,224.24
0.05,3.3,-1.03,58.29,-1.95,104.68
-0.67,1.46,-0.76,97.41,-17.88,-66.35
-0.65,1.04,-0.73,11.66,-42.42,-74.89
-0.96,0.64,-0.83,150.76,-90.64,-152.59
-0.96,1.21,-0.96,190.37,-121.52,-154.36
-0.82,1.46,-0.93,64.39,-105.29,-147.4
-4,3.27,-2.54,823.43,588.01,664.18
-4,4,-4,790.47,289.43,1096.07
-0.15,4,-2.89,-26.79,14.89,152.22
-1.43,1.32,0,-121.22,24.6,234.07
-0.93,4,-0.06,392.15,-24.54,279.72
-0.57,2.35,-1.06,53.16,28.44,-71.78
-0.89,0.51,-0.43,-67.87,39.12,5.92
-0.59,1.14,-0.32,92.77,-27.77,-46.14
-0.91,1.37,-0.29,72.33,-36.19,-143.13
-1.14,1.19,-0.5,44.56,25.94,-145.08
-4,1.15,-2.39,712.04,948,260.56
-4,4,-3.58,1053.96,283.26,1035.58
-2.18,4,-1.72,685.67,58.35,619.63
-1.03,2.1,-1.34,-281.01,-14.71,46.69
-0.41,1.76,-0.15,28.02,-48.22,174.13
-0.34,3.3,-0.71,299.99,-11.23,110.35
-0.49,1.94,-0.67,97.84,-19.47,-23.74
-0.76,1.06,-0.46,43.7,-17.21,-91.92
-0.78,1.14,-0.4,83.13,-82.58,-96.86
-0.94,1.36,-0.33,61.22,-49.62,-105.35
-4,3.04,-0.35,665.28,573.91,577.94
-4,4,-2.47,800.72,314.03,516.17
-1.73,4,-3.62,662.96,-50.72,403.56
-0.31,2.43,-1.5,16.11,48.58,187.19
-0.51,1.24,-1.1,83.62,40.71,111.33
-0.3,2.18,-1.14,108.95,31.92,117.19
-0.21,2.08,-0.99,77.82,-49.32,18.25
-0.73,1.3,-0.73,37.29,23.86,-103.7
-0.97,1.24,-1.12,30.09,18.01,-122.68
-0.97,1.43,-0.52,-25.15,-34.3,-132.63
-3.43,-1.87,2.01,57.62,111.94,63.78
-4,-1.55,2.2,513.06,349.79,272.46
-4,0.88,2.29,377.75,504.82,1015.2
-4,3.97,-0.26,172.3,715.64,1160.64
-4,4,-2.18,286.62,593.51,858.03
-3.79,4,-3.02,1102.05,-11.54,316.16
-0.54,3.05,-2.2,-328.12,36.56,40.22
-0.24,1.02,-0.62,3.23,32.96,162.96
-0.57,1.98,-1.21,136.23,122.56,45.04
-0.52,1.56,-0.87,119.32,-83.98,-37.54
-4,1.74,-1.68,463.2,686.65,695.86
-4,4,-2.71,636.29,589.9,760.5
-2.39,4,-4,780.52,232.06,734.37
-1.42,1.43,-0.96,-310.85,-142.15,-60.42
-0.23,1.46,-0.9,47.61,37.41,190.98
-0.28,2.26,-1.47,94.42,17.82,8.3
-0.34,1.54,-0.9,145.45,-57.5,-42.97
-0.6,1.12,-0.91,85.33,-14.83,-80.32
-0.75,1.32,-1.4,124.82,-76.97,-102.29
-1.03,1.23,-0.81,113.71,-220.89,-156.56
-4,2.16,-2.25,456.42,866.58,539.98
-4,4,-4,724.37,433.53,769.47
-2.26,4,-3.38,496.83,-27.65,477.66
-1.13,1.76,-2,-293.27,68.36,-125.06
-0.66,1.82,-1.44,79.04,-10.38,155.7
-0.2,2.72,-1.66,306.03,-29.24,158.51
-0.4,1.59,-0.56,-62.07,-124.27,-61.83
-0.57,0.73,-0.46,79.22,-49.93,-98.02
-0.77,0.94,-1.23,232.6,-17.21,-131.71
-1.21,1.08,-1.25,188.6,-94.91,-138.61
-4,-1.53,1.79,155.21,607.97,-180.54
-4,-0.68,1.68,359.07,710.02,134.58
-4,0.27,-0.94,458.98,679.63,600.22
-4,4,-1.92,755.49,116.21,905.4
-4,4,-1.32,249.15,117,944.89
-1.21,4,-1.79,342.22,-5.86,347.05
-0.43,2.23,-1.15,-55.11,6.41,106.63
-0.45,1.85,-0.78,-8.79,57.56,124.63
-0.12,2.36,-1.17,114.99,6.59,32.59
-0.34,1.59,-1.06,0.73,42.18,-41.87
-3.4,-2.2,2.19,199.28,437.81,51.45
-4,-2.49,2.22,472.29,370.12,274.05
-4,0.7,0.93,605.77,178.28,918.03
-4,4,3.09,487.18,116.46,917.79
-3.27,4,1.77,584.66,191.22,514.1
-1.56,4,-1.6,409.91,-38.39,-111.82
-1.22,1.24,-2.03,55.05,32.17,134.09
-0.2,1.98,0.43,54.14,-20.81,113.22
-0.24,1.82,-0.36,24.23,-7.26,58.72
-0.63,1.44,-0.79,19.1,-34.85,14.95
-4,2.61,-1.82,604.13,838.99,585.39
-4,4,-2.45,747.31,328,866.21
-3.04,4,-3.77,829.35,69.4,526.49
-1.47,2.26,-1.33,-271.55,-146.79,78.31
-0.81,1.69,-0.41,40.83,-17.03,233.34
-0.49,2.72,-0.98,225.22,-4.33,150.51
-0.42,1.71,-0.6,90.39,-82.4,-30.15
-0.65,0.75,-0.55,85.82,-28.87,-56.03
-0.79,0.8,-0.87,127.26,-18.49,-67.02
-0.82,0.86,-0.7,77.39,-93.38,-104.98
-4,-1.66,1.78,-8.18,537.35,-118.9
-4,-1.15,0.93,240.48,930.97,177.61
-4,-0.94,-1.99,194.15,1076.97,635.38
-4,4,-3.09,639.1,574.83,919.74
-4,4,-2.32,512.15,318.05,1024.6
-1.34,4,-4,326.9,161.87,132.87
-2.03,1.37,-0.88,-434.51,-130.62,-25.33
-0.71,1.52,-0.32,38.57,35.4,197.63
-0.66,2.34,-0.78,227.17,45.72,135.99
-0.36,1.77,-0.9,60.3,17.09,-34.12
-4,1.5,-2.52,761.41,403.99,755.92
-4,4,-2.62,498.05,-15.5,1153.69
-1.93,4,-1.61,422.42,-109.92,487.98
-1.19,1.97,-1.11,-322.51,184.2,-99.98
-0.35,0.94,-0.6,-198.18,112.12,137.45
0.04,2.42,-0.65,152.34,-32.17,163.51
-0.14,1.91,-0.6,49.62,19.47,0.24
-0.42,1.27,-0.74,46.45,60.91,-41.38
-0.5,1.38,-0.88,47.42,31.13,-94.18
-0.9,1.3,-0.8,-12.39,25.21,-124.08
-4,1.69,-1.73,238.46,388.12,834.78
-4,4,-1.22,165.65,224.55,867.55
-3.85,4,-0.43,535.34,6.35,431.21
-0.94,3.21,-1.65,186.89,31.37,-6.29
-1.03,0.96,-1.25,-213.32,142.03,60.85
-0.47,1.54,-0.86,-11.41,15.08,178.59
-0.14,2.43,-0.84,81.05,1.34,83.74
-0.35,1.65,-0.4,32.9,-27.04,-128.11
-0.62,1.21,-0.66,19.17,42.24,-119.87
-0.73,1.56,-0.76,-1.83,43.64,-125.61
-4,2.8,-1.21,155.09,634.89,970.58
-4,4,-1.21,164.18,505.55,664.67
-3.77,4,-1.96,839.66,-12.57,375.18
-0.75,2.83,-2.23,-141.3,97.47,32.17
-1,0.64,-0.76,-79.1,24.11,65.92
-0.28,1.61,-0.78,113.65,9.58,132.69
-0.05,2.21,-0.86,56.09,-30.03,-21.3
-0.31,1.34,-0.64,41.87,-5.68,-104.98
-0.51,1.3,-1.07,-10.25,42.05,-110.29
-0.67,1.33,-1.04,-65.92,36.13,-63.54
-4,3.52,0.44,501.95,318.97,950.07
-4,4,-0.78,235.9,378.3,1014.65
-2.41,4,-3.41,807.37,-7.45,253.72
-1.25,1.5,-1.24,-362.55,-87.28,149.6
-0.17,1.83,0.02,17.09,-75.62,177.86
-0.39,1.83,-0.71,82.64,18.25,-14.1
-0.34,1.43,-0.71,-8.97,8.12,-10.56
-0.73,1.01,-0.9,27.53,25.45,-65.06
-0.8,1.1,-0.75,13,-12.94,-71.96
-0.85,1.08,-0.49,-17.94,-15.93,-99.55
-2.41,-2.75,2.97,237.73,120.97,-11.29
-4,-2.74,2.72,534.67,182.56,341.43
-4,0.68,2.04,514.04,188.84,974.24
-4,4,1.2,343.08,337.16,745.36
-2.92,4,-1.87,786.87,169.19,259.16
-2.01,1.66,-1.74,-160.22,34.18,-19.59
-0.96,0.81,-0.65,23.5,-16.78,173.77
0.19,3.82,-0.27,-84.41,-17.88,110.05
-0.4,1.35,-0.53,7.08,21.67,0.85
-0.76,0.94,-0.9,18.74,29.79,-24.11
-4,3.96,0.49,568.05,405.03,682.68
-4,4,-1.94,605.35,399.78,572.14
-1.77,4,-3.61,600.22,-16.91,187.01
-1.08,0.99,-0.56,-174.62,-93.51,106.32
-0.39,1.23,-0.6,63.35,4.27,160.83
-0.37,2.02,-0.82,150.51,-9.34,134.16
-0.27,2.02,-0.56,46.45,-11.9,25.45
-0.56,1.19,-0.67,30.21,22.46,-94.3
-0.91,1,-0.85,-9.77,13.43,-87.65
-0.96,1.14,-0.44,-44.13,18.74,-83.92
-4,1.56,2.15,611.45,28.87,728.58
-4,4,1.79,291.81,231.81,855.96
-3.92,4,-0.33,508.06,-21.06,533.39
-0.99,3.21,-2.39,234.62,-6.9,-145.2
-1.07,0.29,-0.81,-66.53,-59.75,-20.45
0.35,2.56,-0.66,47.12,-24.41,149.35
-0.07,1.78,-0.42,41.56,-21.48,12.21
-0.41,1.26,-0.57,6.9,-13.12,-83.37
-0.52,1.18,-0.49,9.34,22.64,-79.65
-0.6,1.42,-0.53,4.52,32.17,-83.74
-4,0.52,-2.94,159.67,869.51,705.63
-4,4,-1.75,460.75,359.99,882.45
-1.87,4,-4,599.12,137.63,422.42
-2.01,1.26,-2.63,-395.51,40.89,65.37
1.23,4,-1.76,214.54,-87.28,284.18
-0.55,1.54,-0.62,9.22,-35.95,-79.47
-0.5,0.75,-0.82,-17.4,29.3,-28.44
-0.78,0.67,-0.98,119.69,-53.71,-38.45
-0.64,0.93,-0.46,40.83,-101.14,-27.1
-0.66,1.09,-0.44,44.86,-50.17,-59.2
-4,-1.72,-2.48,605.04,713.99,192.32
-4,2.51,-3.9,362.3,521.18,812.01
-4,4,-3.78,827.09,-43.21,862.3
0.58,4,-2.46,-53.22,14.89,365.42
-0.79,1.58,-0.85,-254.52,52.98,122.8
0.17,3.8,-1,308.59,-90.76,249.51
-0.17,2.17,-0.44,36.13,-75.26,49.44
-0.36,1.04,-0.54,52.12,-36.68,18.07
-0.55,0.89,-0.59,44.25,-39.55,-23.68
-0.62,0.99,-0.63,28.26,-39.86,-56.21
-4,2.56,-0.96,477.78,364.56,989.99
-4,4,-2.46,546.39,375,899.23
-3.79,4,-1.98,475.71,-60.97,573.36
-0.33,3.8,-1.43,28.56,-98.21,257.75
-0.4,1.59,-0.51,-94.6,-3.23,107.54
-0.22,1.9,-0.54,-6.65,27.77,96.68
-0.31,1.88,-0.66,-21.79,24.29,5.92
-0.47,1.27,-0.92,-2.75,69.58,-74.52
-0.83,1.16,-1.01,30.82,23.25,-105.04
-0.87,1.18,-0.8,9.95,-13.79,-110.96
-4,2.92,1.34,554.26,441.04,1011.41
-4,4,-0.45,272.83,549.62,881.53
-3.44,4,-3.42,1002.99,-95.83,124.76
-0.46,2.66,-1.02,-146.55,-140.38,365.11
0.16,1.63,0.08,-23.68,-50.78,233.89
0.01,1.81,-0.3,161.87,7.75,69.82
-0.09,2.03,-0.51,42.11,28.63,58.29
-0.55,1.47,-0.84,19.29,82.95,-46.2
-0.76,1.24,-0.88,21.97,64.45,-79.16
-0.79,1.33,-0.79,15.2,6.53,-89.66
-4,3.31,0.55,482.36,140.69,1123.9
-4,4,-0.39,264.59,411.5,1040.22
-2.86,4,-3.73,919.07,-29.85,331.36
-1.31,2.66,-0.56,-478.88,-144.35,43.7
-0.15,1.09,0.28,-140.01,-24.6,122.31
-0.35,1.51,-0.49,170.78,19.53,43.21
-0.21,2.03,-0.64,37.9,-38.82,51.33
-0.24,1.84,-0.59,13,36.32,-58.96
-0.7,1.48,-0.81,61.04,40.53,-171.81
-0.91,1.43,-0.86,84.72,-0.18,-190.8
-4,3.64,-0.32,384.34,320.86,1072.02
-4,4,-1.67,193.24,701.23,952.94
-2.56,4,-4,1128.91,9.09,126.65
-1.05,2.33,-0.96,-374.08,-171.39,110.05
-0.52,1.25,-0.19,-76.35,-27.95,193.42
-0.25,1.93,-0.68,181.09,-52.19,145.39
-0.01,2.16,-0.49,106.93,-114.87,47.79
-0.53,1.43,-0.32,93.57,16.24,-92.96
-0.73,1.24,-0.8,109.99,43.82,-150.57
-1.01,1,-0.69,35.28,-12.57,-160.89
-4,2.44,1.06,581.73,738.65,670.9
-4,4,-0.57,470.76,733.52,1083.8
-4,4,-1.84,527.53,311.46,1037.23
-3.87,4,-1.99,798.4,-78.67,753.11
-1.48,3.74,-2.63,-94.12,25.57,-3.3
-1.54,0.85,-0.28,-138.06,-66.47,103.94
-1.08,1.98,-0.71,148.44,-76.6,201.84
-0.57,2.38,-0.52,87.59,-96.31,113.34
-0.5,1.45,-0.2,10.56,-53.65,-37.66
-0.84,0.76,-0.25,51.21,11.23,-105.9
-4,2.7,-0.62,476.81,481.51,961.61
-4,4,-0.38,331.91,434.2,1023.8
-4,4,-2.97,832.09,141.42,492.74
-1,3.36,-2.31,-223.88,-84.41,-9.64
-1.01,0.62,0.39,-384.22,-61.77,105.04
-0.26,1.33,-0.65,154.85,11.11,167.42
-0.15,2.26,-0.99,130.25,16.78,123.41
-0.28,1.76,-0.91,34.48,27.34,-60.36
-0.73,1.33,-0.89,76.6,16.6,-130.98
-0.93,1.32,-0.95,21.18,23.8,-122.31
-4,1.59,1.85,623.54,517.58,518.07
-4,3.55,-0.04,565.43,539.31,938.66
-4,4,0.21,449.65,438.6,855.96
-4,4,-2.96,951.6,110.41,563.05
-1.01,3.99,-2.81,-83.98,-42.85,99.49
-1.27,0.39,-0.21,-183.65,-91.74,110.47
0.78,4,-1.57,149.78,-68.48,236.82
-0.35,1.73,-0.8,57.74,-29.91,29.79
-0.62,1.19,-0.82,-4.76,-0.06,-108.22
-0.83,1.14,-0.98,44.86,-15.38,-135.62
-4,1.08,2.52,506.71,278.81,540.95
-4,2.81,1.34,517.76,501.65,994.93
-4,4,0.83,377.14,400.02,1135.8
-4,4,0.36,997.19,114.81,709.47
0.67,4,-4,521.36,-75.32,65.49
-1.34,-0.79,1.45,-490.23,-116.58,10.13
-0.29,1.69,-0.11,193.85,5.86,241.27
0.08,2.71,-0.76,81.12,-3.23,42.97
-0.42,1.46,-0.53,-5.13,8.91,-66.04
-0.33,1.47,-0.61,78.06,15.38,-56.15
-4,1.92,1.57,351.99,703.43,451.9
-4,3.76,1.44,413.33,881.1,494.75
-4,3.8,-0.18,734.19,661.44,609.01
-4,4,1.5,639.77,66.28,730.41
-2.19,4,-3.95,998.66,142.21,160.71
-1.73,2.77,-2.3,-120.42,-125.31,102.6
-1.12,2.63,-0.37,176.64,-193.91,243.16
0.01,2.76,-0.64,66.1,-200.26,85.51
-0.21,1.47,0.1,4.03,-142.27,-21.36
-0.48,0.81,0.01,-15.81,-37.66,-67.75
-4,2.37,0.88,588.01,320.8,712.71
-4,4,1.41,332.82,194.4,1022.03
-4,4,0.2,684.45,179.69,593.32
0,4,-4,445.13,66.71,46.57
-1.39,0.68,-0.21,-396.85,-149.41,128.97
-0.63,1.27,-0.63,114.99,-5.86,228.27
-0.17,3,-1.48,-105.22,88.93,-35.71
-0.4,1.18,-0.78,40.22,4.94,-77.45
-0.72,1.03,-1.04,16.05,45.17,-125.31
-0.84,1.13,-1.06,10.93,0.37,-130.19
-4,2.85,1.04,556.64,-5.13,786.99
-4,4,0.75,402.28,345.46,929.32
-2.16,4,-2.24,982.24,16.42,465.58
-0.91,2.45,-1.6,-256.71,5.49,0
-0.41,0.88,0,-190.37,-35.34,139.71
-0.3,1.88,-0.88,120.42,48.52,89.48
-0.2,2.02,-1.08,54.02,9.58,4.03
-0.48,1.43,-0.89,-17.21,35.58,-88.07
-0.72,1.26,-1.03,18.98,32.1,-109.13
-0.78,1.4,-1.04,23.93,-5,-129.09
-4,1.95,-1.27,540.16,669.92,636.17
-4,4,-0.39,527.65,211.85,793.76
-4,4,-0.11,638.37,13.55,704.65
-1.49,3.56,-2.22,213.26,95.64,16.42
-1.6,1.12,-0.94,-76.17,-35.34,74.22
-1.06,2.49,-0.61,134.03,-112.73,244.02
-0.3,2.9,-0.47,88.32,-93.38,36.07
-0.5,1.55,-0.27,-14.34,-33.08,-80.2
-0.74,0.97,-0.24,-15.75,5.43,-148.5
-1.04,1.18,-0.5,96.62,18.43,-179.02
-4,4,2.15,445.98,26.79,679.38
-4,4,-0.75,764.95,360.47,373.41
-0.26,4,-3.96,648.5,142.21,394.35
-1.44,0.24,-1.23,-251.59,-86.67,-45.53
-0.81,1.24,-0.43,233.09,-161.07,257.57
0.43,3.19,-1.26,-8.97,69.09,289.18
-0.14,1.79,-1.19,118.35,-14.59,-156.13
-0.75,0.89,-1.18,28.02,34.61,-117.31
-0.59,1.27,-1.14,-21.18,13.67,-30.4
-0.6,1.34,-0.84,-8.48,-54.5,-78.92
-4,2.34,0.98,385.25,666.75,503.97
-4,2.24,0.3,521.06,663.51,592.47
-4,4,0.57,455.99,437.62,802.8
-4,4,-1.7,515.56,486.57,696.41
-2.16,4,-3.18,700.81,-93.32,128.72
-1.46,1.68,-1.93,-181.03,-13.73,111.15
-0.98,0.49,-0.35,-129.46,-37.29,179.38
-0.55,1.63,-1.06,134.7,25.82,188.96
-0.17,2.24,-1.52,78.55,19.41,49.8
-0.53,1.29,-1.16,-19.59,-3.17,-107.97
-4,2.39,-1.55,362.06,507.93,655.64
-4,4,-2.69,713.2,338.07,876.59
-3.44,4,-2.91,810.55,-46.51,780.09
-0.93,2.83,-1.67,-203.25,-151.37,73.67
-1.4,1.16,0.01,-95.15,-55.3,148.93
-0.18,3.91,-1.41,251.53,70.98,262.57
-0.38,1.97,-0.92,66.53,-99.91,-68.73
-0.59,0.7,-0.44,-67.63,-4.46,-89.17
-0.78,0.71,-0.53,55.91,-6.96,-62.13
-0.84,1.01,-0.82,106.08,-28.26,-96.86
-4,2.63,-0.7,427.92,755.74,461.06
-4,3.12,-0.85,511.41,325.2,470.52
-4,4,-1.63,577.27,200.13,599.55
-1.86,1.02,-2.23,-69.7,21.18,-10.13
-1.82,0.85,0.08,32.41,-21.12,299.19
-2.44,4,-0.85,192.32,-40.53,244.45
-0.61,2.94,-1.24,296.2,-266.6,-211.67
-1.19,-0.09,0.22,-234.37,51.09,-14.65
-0.89,0.99,-0.53,53.83,36.32,-19.17
-1.2,1.04,-0.81,137.33,-37.17,-161.62
-4,3.08,-0.32,284.48,478.64,949.83
-4,4,-0.59,334.59,470.21,794.37
-3.97,4,-2.09,689.58,236.27,315.43
-1.41,2.11,-2.28,-184.94,-82.28,-43.46
-1.41,0.32,-0.26,-114.01,-57.56,101.14
-1.02,2.6,-0.84,236.27,39.67,242.49
-0.35,2.55,-1.07,124.82,-44.74,-35.95
-0.87,1.17,-0.65,-17.03,-18.92,-170.04
-1.09,0.67,-0.51,-11.17,-0.92,-191.89
-1.11,0.78,-0.37,25.63,-22.03,-196.04
-4,3.04,0.62,399.48,253.23,965.58
-4,4,-0.34,283.33,385.13,993.53
-3.99,4,-1.95,651.31,109.62,406.68
-1,3.25,-2.44,25.39,-13.43,-129.39
-1.43,0.5,-0.2,-301.76,-29.54,-110.84
-0.67,0.87,-0.75,152.77,31.49,126.53
-0.32,1.87,-1.12,79.04,58.65,126.71
-0.26,1.62,-0.55,-22.95,-59.57,-76.48
-0.59,1.05,-0.45,12.21,6.04,-146.36
-0.85,1.04,-0.54,48.1,27.47,-184.02
-4,3.76,0.16,398.01,135.93,863.04
-4,4,-0.89,394.35,353.03,834.29
-0.88,4,-3.28,742.98,47,414.25
-1.25,1.62,-1.24,-294.8,-83.44,-15.44
-0.55,0.77,-0.24,-71.47,4.76,154.97
-0.47,1.91,-0.93,135.93,94.42,142.76
-0.32,2.19,-1.21,74.65,43.15,-9.58
-0.53,1.66,-0.96,-12.7,-3.97,-117.43
-0.94,1.35,-0.89,4.46,19.41,-189.58
-1.09,1.61,-1.02,71.47,-1.71,-233.09
-4,3.36,-0.71,188.35,803.41,1183.78
-4,3.15,-3.04,-41.63,845.89,929.93
-4,4,-0.14,775.7,-74.65,524.11
-2.25,3.99,-3.4,221.44,36.56,371.89
-1.91,1.19,-0.6,-93.02,-50.84,215.88
-1.72,1.65,-0.15,177.86,-35.28,238.77
-1.19,2.6,-0.48,164.06,-61.83,166.63
-1.19,1.5,-0.28,114.26,-4.82,28.81
-0.97,1.57,-0.59,106.69,-49.13,23.86
-0.86,1.52,0.02,-25.21,-42.66,-37.35
-4,1.53,2.78,500.49,-145.69,680.73
-4,4,1.48,503.23,370.73,619.38
-2.92,4,0.62,502.5,-455.87,299.87
-0.35,4,-0.13,103.64,16.54,275.02
-0.77,1.14,-0.74,59.81,-27.28,-13.67
-0.76,1.04,-0.5,71.78,-31.25,108.58
-0.13,2.55,-0.45,-4.21,4.58,146.12
-0.31,1.94,-0.5,35.89,18.43,-50.35
-0.59,1.56,-0.61,28.08,30.03,-75.01
-0.67,1.9,-0.51,-29.91,62.62,-46.51
-4,3.4,-0.42,262.88,88.26,938.6
-4,4,0.18,380.49,77.21,558.9
-0.8,4,-2.4,784,-129.7,6.47
-0.41,1.24,-0.16,-280.21,6.59,144.35
-0.05,1.23,0.11,-25.45,27.16,36.74
-0.36,1.13,-0.4,13.18,63.11,-8.18
-0.3,1.19,-0.43,-39.61,48.95,1.4
-0.4,1.17,-0.44,-26.92,50.84,-40.04
-0.42,1.46,-0.52,43.27,13.92,-58.41
-0.41,1.71,-0.46,-4.82,16.91,-88.75
-4,1.43,-2.49,686.16,356.14,433.29
-4,4,-1.72,411.13,-172.97,672.61
-2.09,4,-0.66,451.35,-234.31,623.6
0.26,3.5,-0.16,-15.81,-38.7,179.69
-0.58,1.05,-0.58,-227.29,195.07,110.84
-0.22,2.4,-0.72,103.27,-11.6,203.98
0.21,2.92,-0.35,141.42,-162.6,183.11
0.05,2,-0.21,-26.49,14.71,1.95
-0.46,1.25,-0.44,-13.12,60.42,-69.46
-0.65,1.16,-0.49,24.17,32.1,-73.3
-4,3.61,-0.08,577.39,117.61,746.83
-4,4,-0.51,474.79,173.1,597.17
-0.25,4,-1.87,332.09,-124.08,221.19
-0.55,1.2,-1.51,-198.49,65.73,32.1
-0.34,0.72,-0.7,12.33,-83.98,91.06
0.1,1.91,-0.44,42.48,-72.75,137.08
0.15,1.66,-0.37,-31.43,5.92,40.34
-0.19,1.29,-0.6,10.19,68.85,-19.04
-0.21,1.62,-0.9,48.46,47.55,-43.58
-0.42,1.66,-0.85,37.23,-4.33,-98.57
-4,-0.2,-3.24,42.54,610.11,527.47
-4,2.67,-3.54,240.72,363.22,727.54
-3.89,4,-1.44,589.72,-95.46,691.96
-0.26,4,-1.47,51.94,0.98,296.51
-1.1,3.4,-0.74,-34.3,-42.91,146.97
0.23,3.01,-0.5,146.61,-75.07,66.53
-0.78,0.94,-0.28,-27.34,11.11,-68.24
-0.62,0.8,-0.25,44.37,-6.59,-29.97
-0.59,0.89,-0.34,9.64,45.53,-74.52
-0.8,0.74,-0.42,-15.01,67.02,-125.85
-4,2.75,-0.88,391.66,160.77,796.08
-4,4,-2.12,402.22,276.49,804.32
-0.83,4,-1.95,621.46,-96.37,326.72
-0.85,4,-1.09,-233.22,60.97,-20.87
0.11,2.25,-1.34,11.29,109.44,13.92
-0.44,1,-1,-44.37,14.77,-83.68
-0.51,0.66,-0.43,-39.73,-67.63,-35.34
-0.42,0.46,-0.61,-0.43,13.31,-52.61
-0.71,0.28,-1.2,113.22,-19.84,-106.08
-0.79,0.35,-0.81,74.65,-117.92,-83.92
-4,3.49,-0.01,608.76,595.76,789.18
-4,4,-0.62,604.19,281.19,857.79
-3.68,4,-1.04,730.96,28.5,361.08
-1.85,1.69,-2.27,-132.2,154.54,-94.79
-1.83,-0.12,-0.02,-116.64,-143.86,174.44
-1.16,3.04,-0.16,185,-136.66,342.04
-0.37,2.76,-0.24,122.99,-33.63,-39.92
-0.91,0.94,-0.5,51.09,22.34,-91.74
-0.93,0.93,-0.29,45.59,-50.35,-60.3
-1.02,1.14,-0.26,92.29,-34.85,-93.93
-4,-0.82,-2.61,817.38,691.53,177.67
-4,4,-1.85,664.79,51.33,898.74
-4,4,-0.62,229.43,3.36,928.53
0.13,4,-2.66,305.05,8.85,206.54
-2.39,1.4,-0.25,-280.82,-92.41,45.59
0.21,3.62,-0.36,241.39,-130.31,347.53
-0.63,2,0.3,76.97,-43.4,-27.77
-0.72,0.87,-0.43,97.84,28.99,-91.31
-0.86,0.84,-0.43,73.12,2.62,-89.11
-0.9,1.04,-0.32,46.57,28.75,-118.71
-4,3.01,0.43,245.85,82.89,943.6
-4,4,0.79,114.26,324.83,857.91
-2.62,4,-2.04,950.26,26.31,347.05
-1.2,2.55,-0.97,-161.99,-84.78,-82.76
-0.95,0.83,-0.18,-355.83,87.46,99.06
-0.18,1.93,-0.86,-9.22,59.69,-1.22
-0.32,1.35,-0.67,129.33,-77.58,0.79
-0.57,1.1,-0.39,26.79,12.21,-40.95
-0.67,1.25,-0.72,58.59,34.73,-78.61
-0.94,1.37,-0.81,15.99,17.09,-127.93
-4,-2.03,1.38,260.5,232.3,207.28
-4,-0.91,1.74,520.57,135.44,581.12
-4,1.81,0.97,399.35,104.13,1055.85
-4,4,1.39,69.15,252.75,1106.75
-4,4,-1.05,778.99,221.44,446.17
-0.76,4,-2.69,243.71,-15.63,-25.21
-1.2,-0.42,-0.24,-313.96,-11.05,62.5
-0.61,1.58,-0.18,169.86,-92.96,147.34
-0.16,2.66,-0.43,-6.53,-10.56,139.65
-0.46,1.4,-0.39,78,11.78,-53.41
-4,3.34,-0.67,229.37,314.39,862.61
-4,3.77,-1.51,466.8,178.59,465.21
-2.1,3.29,-1.63,200.5,33.75,358.09
-0.54,2.73,-1.3,-9.58,99.79,115.48
-0.8,0.81,-1.49,45.72,83.56,-35.89
-0.58,1.27,-1.35,24.23,18.07,70.5
-0.35,1.79,-1.18,12.88,6.16,1.77
-0.52,1.32,-1.23,0.12,21.55,-61.83
-0.73,1.09,-1.27,-22.34,-7.45,-77.58
-0.77,1.17,-1.05,-23.56,-43.03,-92.65
-4,3.75,0.62,565.37,186.04,1119.75
-4,4,-0.26,158.51,581.97,737.06
-2.5,4,-3.37,648.07,-166.81,67.08
-1.1,1.96,-1.95,-81.91,-1.53,244.93
-0.31,1.41,-0.75,57.74,-87.52,121.77
-0.11,2.01,-1.13,58.96,-35.22,86.85
-0.23,1.41,-0.86,-1.71,-4.88,-21.48
-0.55,0.86,-0.87,29.97,-10.31,-54.14
-0.61,1.09,-0.8,-2.32,-12.82,-52.61
-0.68,1.16,-0.81,-0.37,-13.73,-90.76
-4,3.39,0.29,343.51,482.79,1172.61
-4,4,-0.82,313.11,457.46,1144.59
-4,4,-3.06,478.82,246.22,503.72
-0.93,3.42,-2.66,231.14,-139.77,33.87
-0.06,3.04,-2.84,-159.73,-7.57,278.32
-0.21,1.27,-0.28,12.15,-183.41,-4.76
-0.13,0.81,-0.44,30.46,-42.79,3.36
-0.48,0.41,-0.43,55.91,-47.55,-43.82
-0.64,0.56,-0.71,83.31,-24.6,-35.03
-0.55,0.7,-0.68,88.2,-71.35,-26.79
-4,2.42,-1.43,420.84,474.98,977.54
-4,4,-1.08,490.6,301.76,1018.55
-4,4,-1.87,687.68,159.91,548.34
-1.23,3.99,-2.31,-121.77,-20.57,-1.1
0.06,3.73,-0.83,-33.33,-60.06,219.24
-0.36,1.78,-0.62,26.18,-52.37,-140.5
-0.76,0.59,-0.15,-5.92,-34,-123.23
-0.68,0.59,-0.18,-11.54,3.42,-105.04
-0.91,0.79,-0.47,24.29,33.63,-145.94
-1.1,0.72,-0.64,26.86,36.68,-163.88
-4,2.52,-1.14,376.53,416.02,651.73
-4,4,-3.46,172.55,398.74,560.49
-1.3,4,-3.24,510.68,-25.76,178.96
-0.7,1.47,-1.86,-122.13,64.45,86.73
-0.36,0.6,-1.15,-46.69,31.86,78.61
0,1.36,-1.25,57.68,31.19,70.37
-0.14,0.93,-1.02,21.97,10.19,38.7
-0.24,0.82,-0.97,42.54,0.67,-8.48
-0.4,0.93,-1.04,97.72,-32.71,-47.3
-0.6,0.93,-1.15,84.66,-24.23,-86.73
-4,2.56,-0.89,380.55,230.9,1124.39
-4,4,0.52,45.59,298.4,864.14
-4,4,-1.45,717.04,35.16,375.73
-1.25,3.44,-1.94,-92.53,108.58,121.7
-0.9,0.61,-0.9,-64.21,52.19,36.5
-0.75,1.95,-1.61,72.2,44.56,111.39
-0.44,1.93,-1.08,-16.54,6.53,20.32
-0.78,0.67,-0.98,22.09,-2.44,-69.21
-0.75,1.01,-0.88,78.67,-65.49,-57.31
-0.86,1.28,-0.69,18.86,-43.88,-90.45
-4,2.22,1.1,633.24,306.46,910.22
-4,4,0.73,228.94,546.57,864.99
-4,4,-3.29,841.19,98.51,324.52
-1.84,3.04,-2.11,128.42,-78.67,93.87
-0.29,2.93,-1.82,-191.04,19.59,160.46
-0.71,0.31,-1.37,59.45,-36.5,7.87
-0.53,0.96,-0.95,24.84,-61.65,54.2
-0.4,0.77,-0.48,2.2,-41.14,-29.3
-0.57,0.55,-0.83,33.81,-0.61,-81.6
-0.75,0.59,-1.01,53.77,-49.56,-76.48
-4,3.29,-0.26,425.72,335.63,947.33
-4,4,-1.84,626.95,279.48,681.34
-2.18,3.84,-3.3,204.59,-42.36,57.68
-0.89,3.68,-0.51,32.96,-60.79,253.6
-0.95,2.34,-0.73,216.49,-27.95,-36.25
-0.55,1.82,-0.75,45.72,-28.87,-17.03
-0.68,0.97,-0.28,-47.55,-26.06,-103.82
-1.06,0.32,-0.82,51.33,-9.95,-169.25
-1,0.32,-0.83,100.4,-70.13,-135.5
-0.81,0.87,-0.79,51.09,-50.54,-103.15
-3.95,-1.87,1.57,-1.83,508.36,32.9
-4,-1.44,1.06,371.15,726.56,288.09
-4,0.69,-0.58,294.07,831.67,895.57
-4,3.16,-2.78,-39.73,1031.92,954.47
-4,4,-1.5,710.45,284.79,851.68
-2.58,4,-2.08,584.05,27.71,859.31
-2.67,0.33,-0.98,-404.6,70.37,-102.05
-4,3.99,-1.33,870.12,-142.03,570.13
-2.12,2.89,0.99,-144.41,-117.92,-188.96
-0.79,-0.57,0.18,-114.07,35.28,-151.37
-4,1.39,-2.06,493.65,494.87,760.62
-4,4,-1.22,417.54,333.19,946.47
-2.56,4,-4,780.52,61.71,286.5
-1.56,1.14,-0.94,-440.43,-114.81,112.18
-0.49,3.67,-1.04,274.11,-66.41,317.75
-0.76,2.04,-0.48,74.4,-39.06,-13.06
-0.48,0.9,-0.34,35.52,-3.72,-40.59
-0.73,0.51,-0.45,44.49,10.93,-99.73
-1,0.35,-0.42,39.86,9.7,-106.14
-0.95,0.42,-0.38,23.93,18.55,-82.28
-4,3.49,0.21,392.64,201.48,698.3
-4,4,-0.39,467.35,29.91,644.41
-1.9,4,-0.76,297.91,-89.6,351.93
-1.1,2.9,-0.9,125.18,52.8,108.95
-0.82,2.25,-1.79,18.19,27.83,99.24
-0.54,1.94,-0.94,-12.57,-27.28,41.56
-0.56,1.33,-0.42,-39.25,-31.37,-39.67
-0.85,0.92,-0.64,-27.95,-1.34,-102.42
-0.99,0.94,-0.97,-8.06,-8.54,-135.31
-1.06,0.92,-0.64,1.77,-44.31,-143.86
-4,-2.23,1.41,265.93,189.45,318.3
-4,-1.05,1.58,463.13,143.13,711.06
-4,1.2,1.31,340.39,39.55,1024.78
-4,4,1.43,38.51,119.32,1070.07
-4,4,-1.12,460.51,217.9,473.51
-1.87,3.71,-1.86,552.31,-0.67,-16.48
-0.89,1.6,-0.78,-179.75,15.93,180.48
-0.49,1.58,-0.74,68.66,37.6,57.86
-0.54,1.7,-0.7,36.38,23.93,33.45
-0.66,1.44,-0.83,-110.29,51.51,22.09
-4,2.9,-0.8,263.37,390.08,1009.7
-4,4,-1.72,133.54,262.27,863.53
-2.36,4,-2.74,224.49,36.07,126.04
-0.83,1.97,-1.49,267.15,-111.69,20.69
-0.93,1.45,-1.71,-17.7,55.36,171.69
-0.4,1.86,-1.75,133.79,-45.96,181.15
-0.12,2.01,-0.97,94.06,-91.61,44.13
-0.29,1,-0.65,-7.51,-42.42,-72.08
-0.41,0.7,-0.56,-3.66,-43.09,-77.39
-0.47,0.91,-0.88,41.2,-32.23,-77.58
-4,2.39,-1.35,80.26,600.1,1078.31
-4,4,-2.14,140.87,418.09,980.53
-3.7,4,-1,502.93,90.33,150.33
-2.37,2.17,-2.35,107.6,112.98,19.59
-1.09,3.57,-1.94,75.01,-69.76,260.68
-0.86,1.91,-0.51,89.36,-108.28,-47.3
-0.68,0.93,-0.56,24.48,-11.35,-108.15
-0.71,0.46,-0.42,-29.97,-45.78,-152.83
-0.98,0.2,-0.35,34.67,-23.5,-156.74
-0.97,0.29,-0.8,90.21,13.85,-100.83
-4,1.94,-1.49,395.75,858.09,666.63
-4,4,-2.46,432.01,536.8,772.58
-4,4,-1.85,812.99,-28.75,562.44
-1.41,2.44,-2.68,-97.11,54.63,-60.73
-0.83,4,-1.97,170.17,-113.22,460.02
-0.21,2.98,-0.12,-24.11,-179.2,-78.86
-0.61,0.49,-0.2,-141.3,18.68,-177.12
-0.89,0.35,-0.6,90.33,-36.01,-145.75
-1.05,0.5,-0.74,51.57,-19.71,-114.01
-0.92,0.88,-0.67,34.42,-47.55,-75.87
-4,2.58,1.41,506.65,170.23,847.29
-4,4,1.81,476.26,155.82,752.99
-2.39,4,-3.07,482.85,50.54,207.89
-0.91,2.51,-0.9,189.27,-180.85,-126.71
-0.73,0.98,-0.49,-131.47,51.09,101.01
-0.2,1.32,-1.22,-1.22,29.72,134.34
-0.18,1.46,-0.58,92.29,-75.99,28.08
-0.18,1.35,-0.48,13.06,-36.01,-17.7
-0.39,0.97,-0.54,-9.77,-25.09,-56.46
-0.58,0.9,-0.65,0.12,-9.58,-74.83
-3.35,-2.53,1.77,155.27,148.8,127.44
-4,-2.41,2.4,432.86,273.07,481.99
-4,0.02,1.15,514.65,84.9,1090.15
-4,4,1.37,118.29,282.04,1141.72
-3.11,4,-3.02,884.4,119.51,214.6
-1.43,2.34,-0.93,-106.45,-10.5,8
-0.33,0.45,-0.43,-131.1,10.19,-56.95
-0.7,0.49,-0.84,125.31,-3.17,35.16
-0.59,1.32,-0.51,178.83,-39.37,2.99
-0.51,1.15,-0.56,61.46,-8.06,-7.32
-4,1.87,-1.34,435.85,672.79,850.77
-4,4,-2.67,424.19,308.9,665.71
-2.09,4,-3.07,336.12,-99.61,325.93
-0.54,3.28,-2.11,20.87,-60.42,220.28
0.01,2.21,-2.33,-94.79,59.94,254.52
0.03,0.93,-1.15,11.29,-80.69,30.21
-0.2,0.58,-0.47,84.78,-141.24,-1.71
-0.13,0.86,-0.36,27.4,-43.76,36.07
-0.27,0.84,-0.46,31.49,12.51,-47.85
-0.48,0.64,-0.69,96.68,-0.06,-91.37
-4,0.49,-2.81,427.31,681.7,495.79
-4,4,-3.48,615.05,345.95,836
-3.63,4,-2.91,630.43,-28.81,852.48
-1.76,4,-2.68,-109.37,-138.79,74.46
0.88,3.91,0.3,-33.45,-215.15,106.45
-0.56,0.51,-0.33,-119.38,-33.08,-64.39
-0.42,0.03,-0.43,19.17,32.96,-22.83
-0.58,0.15,-0.76,107.24,-6.1,-37.54
-0.74,0.11,-0.75,26.79,-7.87,-25.57
-0.64,0.35,-0.46,11.9,-13.73,-8.06
-4,2.11,-1.45,510.38,803.89,649.23
-4,4,-1.89,607.48,336.67,968.81
-4,4,-1,688.54,-86.67,835.14
-1.21,3.57,-2.22,-156.37,-63.84,55.73
-2.09,0.71,0.17,-83.25,-80.02,243.9
-0.62,4,-0.42,293.52,-105.41,356.08
-0.52,2,0.3,97.41,-66.28,16.91
-0.55,0.73,0.04,91.98,-25.39,-22.89
-0.74,0.87,-0.24,118.65,19.29,-57.43
-0.84,0.85,-0.4,50.72,43.33,-96.25
-4,1.62,2.15,443.6,535.4,406.8
-4,3.87,1.74,515.14,820.86,734.5
-4,4,-0.56,484.37,961.18,1071.17
-4,4,-2.53,731.81,464.05,762.94
-3.62,4,-2.55,700.07,-96.13,487.61
-2,2.55,-2.12,-111.63,15.99,148.01
-1.7,1.38,-0.29,108.28,-117.13,216.67
-0.8,4,-0.41,200.32,-180.24,227.36
-0.62,2.11,-0.05,16.54,-28.32,-56.7
-0.78,0.58,-0.06,33.08,-22.34,-117.8
-4,2.92,0.46,602.72,107.3,835.94
-4,4,1.72,449.95,234.86,1020.39
-3.37,4,-1.73,632.81,234.31,424.32
-2.59,0.99,-0.63,-371.4,-24.35,-197.02
-1.25,1.1,-1.28,166.02,63.54,237.85
-0.7,3.52,-0.59,150.76,-167.85,201.54
-0.28,2.03,0.21,8.18,11.9,-91.06
-0.9,0.96,-0.65,33.51,69.64,-201.54
-1.32,1.11,-0.71,29.79,5.13,-163.39
-1.28,1.36,-0.58,-5.37,-33.26,-130.62
-4,2.65,0.91,462.22,98.75,1169.86
-4,4,0.42,147.83,491.82,1009.64
-4,4,-3.26,919.43,125.12,274.54
-1.7,2.01,-0.54,-477.72,-158.75,-16.54
-0.48,0.33,0.09,-163.02,51.45,149.9
-0.51,0.91,-0.27,113.95,28.5,46.69
-0.43,1.55,-1.19,-44.13,-15.14,-29.85
-0.37,1.21,-0.75,114.38,13.37,-49.99
-0.7,1.11,-0.77,89.36,9.64,-115.54
-0.76,1.45,-0.73,91.19,9.4,-104.98
-4,3.49,0.64,515.87,71.59,866.94
-4,4,-1.82,222.84,516.6,851.26
-1.4,4,-4,709.66,15.32,65.98
-1.09,1.03,-0.96,-311.1,-108.76,58.65
-0.45,0.88,-0.57,52.8,-4.33,130.13
-0.25,1.85,-0.95,132.63,-29.6,93.2
-0.12,1.81,-0.7,54.26,-40.16,7.39
-0.3,1.42,-0.85,17.58,34.18,-105.53
-0.76,1.3,-1.09,21.97,31.01,-161.13
-0.92,1.34,-1.06,35.95,-41.2,-166.08
-4,2.25,-1.1,627.01,281.19,774.54
-4,4,0.91,442.26,57.25,1114.44
-1.48,4,-3.48,750.18,157.1,248.11
-2.44,1.29,0,-319.89,-196.23,90.64
-0.02,3.68,-0.09,185.49,-101.14,219.73
-0.5,2.41,-0.09,157.9,-29.72,14.34
-0.68,1.33,-0.17,-0.24,-8.73,-109.62
-0.96,0.94,-0.28,90.82,7.63,-125.92
-1.11,1.12,-0.4,72.14,38.82,-156.07
-1.04,1.35,-0.44,29.79,33.69,-155.82
-4,2.34,1.97,679.99,304.63,864.44
-4,4,2.31,466.98,416.08,1022.28
-4,4,-1.29,1011.54,106.2,454.83
-1.36,2.18,-2.19,-301.64,-1.65,42.42
-0.85,0.57,-0.29,4.39,-13.37,135.86
-0.84,2.26,-0.98,181.34,-30.03,135.13
-0.27,2.28,-0.55,-22.46,-51.03,72.88
-0.53,1.4,-0.42,46.14,29.05,-56.95
-0.88,1.34,-0.87,62.74,15.69,-92.83
-0.9,1.55,-0.83,-11.72,-3.54,-80.44
-4,0.71,3.23,366.03,384.58,395.02
-4,2.34,3.18,506.35,649.05,529.48
-4,3.1,1.44,742.55,492.25,541.63
-4,4,1.65,519.9,32.59,672.55
-3.95,4,0.39,551.27,204.47,567.2
-1.15,4,-2.08,327.7,163.88,134.89
-1.7,1.38,-1.36,143.55,39.06,-62.07
-0.98,1.64,-1.29,129.21,-19.17,122.5
-0.33,2.69,-1.11,-5.19,5.8,40.89
-0.9,1.12,-1.18,53.53,-41.38,-126.71
-4,2.83,-0.45,348.94,495.06,894.71
-4,4,-0.99,230.9,378.78,624.94
-3.22,4,-4,594.91,124.45,201.35
-0.62,2.82,-1.42,-132.69,45.35,239.32
-0.57,0.93,-1.06,34.42,42.05,37.84
-0.83,1.65,-2.22,182.19,59.08,69.34
-0.53,2,-1.7,24.54,-4.15,13.67
-0.54,1.17,-1.03,22.46,-58.35,-67.2
-0.63,1.46,-1.13,69.7,-79.35,-72.39
-0.77,1.87,-1.35,54.57,-96.74,-136.23
-4,2.63,-0.63,508.73,258.18,655.94
-4,4,-0.49,241.39,308.72,873.54
-2.67,4,-2.96,541.26,210.94,178.59
-1.76,2.96,-2.43,-100.83,75.99,206.6
-0.65,3.34,-2.2,155.21,0.61,65.31
-0.75,1.32,-0.54,21.3,-119.69,-59.69
-0.77,0.6,-0.28,5.07,-57.43,-55.91
-0.93,0.92,-0.84,75.32,-37.05,-91.37
-1.08,1.13,-0.78,18.55,-69.03,-91.31
-1.2,1.41,-0.99,-12.63,-64.27,-105.29
-4,0.8,-2.82,-122.19,1074.04,975.95
-4,3.35,-0.12,582.21,269.04,787.9
-4,4,2.07,754.39,100.34,707.03
-1.85,2.56,-3.21,-90.33,131.41,0.55
-2.25,-0.62,0.17,12.45,-105.04,130.37
-2.29,4,-1,335.75,-124.82,428.53
-0.63,3.89,0.49,4.39,-133.91,-27.89
-1.25,0.65,-0.25,8.18,54.26,-171.26
-1.23,0.68,-0.33,49.07,-20.57,-104.8
-1.18,1.37,-0.04,24.9,-20.45,-93.2
-4,2.54,2.11,526.31,468.81,927.19
-4,4,1.48,675.54,469.42,796.02
-2.53,4,-4,827.33,121.22,204.77
-1.85,-0.28,0.92,-433.59,-167.72,36.38
-1.08,1.3,-0.08,233.89,22.46,203.61
0.16,3.78,-1.27,-288.94,147.77,174.8
-0.71,0.98,-0.53,228.64,-81.6,-130.92
-1.02,0.58,-0.82,12.76,-17.33,-30.09
-1.01,1.17,-0.62,108.83,-74.1,-34.91
-1.03,1.66,-0.64,42.42,-48.46,-73.12
-4,3.11,1.41,288.82,278.5,632.81
-4,4,-3.44,687.07,588.87,528.14
-4,4,-3.65,695.01,-118.9,521.55
-0.54,3.35,-1.76,-140.75,-73.12,373.29
-0.53,1.3,-0.37,-45.1,-6.59,150.33
-0.62,1.58,-0.89,154.24,-22.71,130.25
-0.45,2.04,-0.97,41.14,40.34,82.46
-0.67,1.54,-0.91,6.23,91.92,-46.08
-0.78,1.26,-1.3,69.58,33.75,-96.31
-0.98,1.35,-1.14,54.08,-23.8,-101.75
-4,3.98,0.24,366.58,628.3,1075.5
-4,4,-2.6,611.08,480.9,936.46
-2.85,4,-4,682.13,-56.52,461.79
-2.46,1.3,-0.7,-109.19,-123.29,129.46
0.15,4,-0.68,433.29,3.72,-45.59
-0.66,1.6,-0.58,-404.54,-45.41,78.49
-0.58,0.8,0.16,9.58,-56.76,-28.2
-1.14,0.34,-0.8,166.14,19.53,-156.8
-1.21,0.7,-0.75,162.23,-62.44,-111.02
-1.02,1.12,-0.49,72.81,-78.25,-79.04
-4,0.69,3.37,507.63,501.89,606.26
-4,2.7,2.83,426.45,824.71,1132.63
-4,4,0.06,221.92,1029.24,1222.84
-4,4,-3.98,1363.46,272.28,907.35
-4,3.4,-2.22,30.94,-361.45,254.64
-1.52,2.94,1.1,-244.08,-186.71,520.94
-1.6,2.06,-0.14,127.87,125.24,191.41
-2.42,1.26,-0.4,99.67,94.48,205.32
-1.42,1.96,-0.36,130.49,3.05,118.16
-1.07,1.39,-0.21,14.04,40.83,-5.8
-4,2.53,-1.27,205.02,856.57,1173.4
-4,4,0.37,868.41,243.35,994.26
-2.84,4,-4,159.12,41.56,451.78
-2.07,-0.34,1.3,-322.63,-141.17,170.78
-2.68,2.48,0.24,246.95,57.01,259.52
-0.97,4,-1.37,319.7,-0.43,158.94
-1.36,-0.1,0.58,21.3,-35.95,-60.61
-0.73,0.94,-0.41,127.99,31.98,29.79
-1.04,0.89,-0.27,-2.08,12.45,-99.67
-1.3,0.31,-0.07,-65,45.47,-126.89
-4,1.96,2,515.5,255.49,1132.63
-4,4,0.76,175.54,670.23,1041.5
-3.72,4,-4,1218.08,153.56,202.76
-1.27,1.53,-0.41,-409.48,-91.8,146.73
-0.49,0.96,-0.38,156.31,-7.93,113.28
-0.2,2.55,-0.76,113.77,16.36,149.54
-0.04,1.93,-0.92,-107.6,73.79,5.31
-0.71,1.06,-1.04,49.5,9.03,-83.44
-0.69,1.52,-0.93,-21.67,3.36,-23.86
-0.83,1.69,-0.52,-27.28,-19.96,-80.93
-4,-1.59,1.69,276.61,371.46,67.63
-4,-1.82,1.85,538.15,357.36,407.96
-4,0.37,0.39,439.51,450.81,1073.61
-4,4,0.88,149.05,650.51,818.48
-3.8,4,-4,776.61,159.06,118.47
-1.05,2.72,-1.98,175.66,-266.24,30.82
-0.6,0.64,-1.09,-83.01,2.99,152.16
0.04,1,-0.3,125.24,-68.66,125.24
0.37,1.64,-0.34,79.16,-28.87,90.76
-0.01,1.17,-0.78,72.14,32.35,-0.73
-4,-2.13,1.48,371.03,436.34,163.64
-4,-1.7,0.62,565.19,385.68,640.5
-4,3.87,2.77,530.09,101.32,1049.32
-3.42,4,-0.63,700.87,14.53,444.52
0.48,4,-0.88,307.13,-75.56,64.7
-1.28,0.95,-2.83,-106.75,169.68,173.16
-0.37,1.46,-0.55,66.71,-99.18,117.92
0.01,1.18,-0.42,0.24,-90.88,47.49
-0.36,0.4,-0.64,64.7,-18.07,33.26
-0.09,1.1,-0.78,99.91,-48.28,44.37
-4,2.51,0.97,247.86,198.24,773.19
-4,4,-0.84,207.76,312.32,565.43
-0.99,4,-2.79,232.67,-13.43,184.45
-0.97,0.12,-1.01,41.44,-112.43,-66.71
0.1,1.53,-0.94,96.62,-28.44,110.05
-0.03,0.9,-0.44,73.06,-89.72,-8.48
-0.14,0.84,-0.99,63.84,-33.39,35.64
0.13,1.58,-0.75,70.25,-78.67,3.72
0.07,1.26,-0.95,-8.97,-0.79,-31.86
-0.02,1.13,-0.93,-45.65,-11.23,-26.61
-4,3.01,0.68,438.29,433.96,717.96
-4,4,-0.69,490.42,149.35,545.23
0.58,4,-0.52,470.15,-129.82,249.27
-1.11,1.17,-1.35,-39.37,114.81,7.51
-0.85,0.97,-1.81,50.23,25.7,104.43
-0.08,1.72,-0.47,78.55,-132.02,25.63
-0.14,0.97,-0.31,56.09,-94.91,11.66
0.07,1.29,-0.76,81.79,-97.23,10.99
0.37,1.81,-0.6,18.68,-67.63,-10.31
0.04,1.47,-0.79,-16.42,-41.69,-28.32
-3.57,-3.38,0.54,98.69,319.64,153.93
-4,-2.44,0.23,326.84,224.12,459.66
-4,1.91,2.19,316.1,246.77,667.11
-4,4,-0.83,207.89,349.49,709.59
-1.41,4,-2.41,291.63,2.14,102.78
-1.51,0.83,-0.76,96.92,-130.86,-107.97
-0.96,0.84,-1.2,-17.82,70.31,169.43
0.09,1.88,-0.3,106.57,-98.02,25.82
-0.04,1.14,-0.31,60.42,-34.48,18.07
0.01,1.35,-0.9,83.8,-20.32,26.25
-4,1.79,1.69,169.25,331.48,735.29
-4,4,0.03,349.73,383.24,489.01
-2.69,4,-2.37,678.16,-45.17,236.39
-1.24,1.33,-1.78,-126.53,-17.33,0.37
-0.59,0.98,-1.19,31.37,1.04,110.66
0.24,2.22,-0.42,94.67,-54.38,68.3
0.35,1.72,-0.58,2.93,-2.01,23.32
0.02,1.31,-0.87,39.92,-22.64,-16.36
-0.01,2.09,-0.79,-2.01,5.74,-12.45
-0.38,1.86,-1.15,-53.04,-17.33,-43.4
-4,2.39,1.06,322.08,180.42,1230.22
-4,4,1.16,247.38,497.19,947.14
-4,4,-0.26,732.54,-100.28,315.12
-0.99,2.64,-1.53,-63.9,82.15,64.88
-1.08,1.41,-1.23,52.06,3.36,30.46
-0.47,2.13,-0.36,26.92,-53.89,59.94
-0.12,2.16,-0.15,-31.98,-4.94,-27.34
-0.62,1.65,-0.58,17.88,36.99,-75.99
-0.74,1.72,-0.9,-18.86,11.23,-100.1
-0.86,1.92,-0.48,-22.89,-46.39,-134.7
-4,3.91,0.99,345.52,273.68,963.87
-4,4,-0.65,422.55,-8.61,433.96
0.51,4,0.34,696.11,-507.93,420.23
0.7,3.22,-0.91,-157.23,223.63,-35.89
-0.65,-0.46,-1.67,-57.43,57.43,34.24
0.62,1.84,-0.05,20.2,-92.71,147.4
0.51,1.67,-0.52,51.57,-10.99,5.98
0.04,1.17,-0.9,27.34,-52.73,-5.13
0.34,1.77,-0.51,-21.67,-35.71,31.68
0.13,1.61,-0.54,-46.88,-12.76,-20.75
-4,3.47,0.76,206.97,95.7,743.41
-4,4,0.32,472.84,140.56,684.75
0.88,4,-0.04,604.19,-305.6,404.79
-0.89,0.58,-2.19,-91.55,336.06,7.45
-0.11,1.05,-1.08,119.02,-227.72,144.71
0.84,3.08,1.27,-75.32,-102.17,188.96
0.35,2.04,-0.42,49.01,41.87,-38.51
0.16,1.45,-0.69,-4.09,-34.73,-2.44
0.35,2.16,-0.48,-31.8,31.19,14.34
0.06,2.02,-0.88,-49.38,68.73,-58.35
-4,3.46,0.21,528.02,280.64,894.29
-4,4,0.15,584.9,84.41,706.48
-2.04,4,-1.16,480.53,-211.06,605.41
-1.62,1,-0.35,-283.51,120.73,-40.65
-0.95,0.56,-0.84,47.42,136.17,71.04
-0.37,3.88,-0.62,39.31,-103.03,257.39
-0.89,1.47,0,-29.3,-43.33,-24.6
-0.45,1.36,-0.51,98.08,13.67,-40.83
-0.69,1.6,-0.52,35.46,-20.94,-67.08
-0.75,1.68,-0.53,-19.04,20.45,-102.11
-4,3.86,0.66,97.41,241.09,832.15
-4,4,-2.33,508.36,412.35,493.77
-0.19,4,-3.99,823.97,-270.02,118.23
-0.67,-0.25,-1.26,-456.67,172.18,29.6
-0.39,1.2,-0.65,125.92,-122.68,105.29
-0.05,1.3,-0.48,26.37,-29.24,75.68
-0.03,1.02,-0.3,4.03,2.62,30.46
-0.15,0.99,-0.69,133.73,-3.36,30.27
0.03,1.91,-0.86,129.58,-59.81,13.61
0.07,1.99,-0.66,25.21,-40.1,-59.51
-4,1.6,-2.13,102.36,806.34,892.21
-4,4,-1.28,227.84,524.66,710.45
-4,4,-2.52,763.49,91.92,431.27
-1.27,4,-2.12,82.09,-79.77,255.31
-1.26,1.04,-0.24,-157.78,-49.07,90.21
-0.85,2.93,-0.68,288.33,-86.36,261.6
-0.37,2.96,-0.27,22.46,-39.12,85.02
-0.64,1.32,-0.18,55.05,35.22,-145.69
-1.04,1.26,-0.77,130.25,46.14,-170.04
-1.22,1.61,-0.96,23.68,37.17,-170.41
-4,2.71,-0.58,388.06,241.64,689.39
-4,4,-1.68,310.85,340.03,708.74
-2.06,4,-3.14,577.03,50.72,398.25
-0.15,2.43,-1.39,-57.86,9.83,128.78
-0.32,0.96,-0.53,15.93,4.27,92.83
-0.22,1.51,-0.83,167.97,-1.28,120.61
-0.12,2.29,-0.84,96.19,-1.28,98.02
-0.35,1.85,-1.33,102.78,11.05,-55.24
-0.49,1.81,-1.37,101.5,-44.8,-77.45
-0.68,2.06,-0.99,-24.72,-46.75,-100.59
-4,1.87,-1.59,171.39,752.69,956.05
-4,4,-2.44,275.76,429.08,886.72
-4,4,-1.53,615.48,-254.82,709.05
-0.21,4,-0.72,1.89,-61.22,306.4
-1.33,1.13,-0.92,-197.57,88.87,-5.49
-0.11,3.42,-1.29,44.13,-43.7,244.38
-0.56,1.93,0.11,10.8,-89.11,-6.29
-0.13,1.49,-0.16,68.6,-3.11,-58.9
-0.64,1.13,-0.5,54.02,35.52,-116.27
-0.99,1.19,-0.83,15.2,45.84,-127.81
-4,3.32,1.31,362.12,317.5,812.93
-4,4,-0.46,335.57,351.68,510.56
-0.61,4,-4,440.92,-57.86,173.83
-0.87,0.74,-1.03,-109.68,-41.63,30.09
-0.6,0.45,-1.37,132.51,0.67,116.39
0.09,2.26,-0.62,83.37,-68.42,113.1
0.23,1.6,-0.64,41.56,-30.4,13.55
-0.14,1.28,-1.12,81.79,-32.17,-33.69
-0.1,1.58,-1.37,6.47,-21.24,-18.62
-0.19,1.96,-1.19,-29.24,-63.96,-38.33
-4,3.42,0.33,164.73,108.4,901
-4,4,1.06,215.39,241.52,603.03
-1.27,4,-1.85,887.08,-110.72,356.32
-0.99,0.44,-3.04,-282.59,218.87,-105.9
-0.46,0.76,-0.99,-7.69,-28.56,116.94
0.27,1.94,-0.57,100.28,-77.09,65.06
0.06,1.2,-0.53,16.3,-29.85,17.76
0.1,1.66,-1.06,71.53,-5.55,1.1
0.14,2.25,-1.13,29.17,-42.97,-47.12
-0.15,1.99,-1.01,10.13,-68.66,-138.12
-4,3.26,-0.2,425.84,728.82,1035.89
-4,3.55,-3.07,151.25,916.44,1036.19
-4,4,-1.22,642.76,-19.71,804.87
-1.19,4,-1.39,120.97,-73.18,673.71
-1.46,1.93,-0.89,-82.58,-33.08,36.07
-1.68,0.91,0.87,-119.75,40.83,244.38
0.6,4,-1.45,364.2,-14.77,252.69
-1.43,1.76,0.38,-26.06,116.09,-27.47
-0.86,0.67,-0.69,95.28,-20.45,-94.54
-0.77,1.03,-0.21,-18.25,-64.09,-81.67
-4,2.36,-0.87,295.47,932.86,893.92
-4,4,-3.45,70.01,1091.49,815.25
-4,4,-3.26,627.56,260.99,703.06
-2.63,4,-2.15,447.2,2.5,462.95
-1.01,2.72,-1.01,32.96,-65.06,198.49
-1.1,1.45,-0.04,-7.32,45.72,113.65
-1.03,2.53,-0.51,207.34,-21.36,165.89
-0.47,3.08,-0.67,14.53,3.97,-19.35
-0.78,1.5,-0.27,56.4,1.46,-147.22
-0.94,1.3,-0.5,112.73,15.38,-213.44
-4,2.33,0.9,420.35,52.73,804.69
-4,4,-0.2,152.4,357.36,771.42
-3.25,4,-1.73,618.47,94.48,356.2
-0.66,3.77,-1.77,167.11,5.31,105.47
-0.9,1.21,-0.89,-106.2,47.36,-11.84
-0.64,1.13,-0.92,101.75,-1.59,46.45
-0.39,2.44,-0.97,73.55,-58.9,100.28
-0.43,2.34,-0.95,-13.61,0.55,-98.57
-0.99,1.9,-1.33,35.64,-38.94,-232.06
-1.52,2.08,-1.02,-21.48,-123.11,-233.83
-4,3.11,0.59,286.99,285.4,913.57
-4,4,0.58,330.75,91.61,645.32
-1.73,4,-1.58,777.77,42.24,-37.29
-0.71,2.15,-1.43,-144.35,73.3,17.33
-0.85,0.59,-0.76,3.05,-3.54,-2.26
-0.43,1.45,-1.02,111.94,-14.1,66.53
-0.09,2.11,-0.68,-47.3,-21.42,68.66
-0.49,1.61,-0.92,1.4,-20.94,-72.63
-0.74,1.59,-1.36,30.15,-61.52,-94.36
-0.78,1.69,-0.99,-96.31,-119.87,-97.78
-4,2.53,1.32,505.55,478.09,691.28
-4,4,-0.3,113.22,464.42,602.78
-2.82,4,-4,771.48,19.47,88.56
-0.74,1.94,-2.06,26.67,-47.49,40.83
-0.83,-0.11,-1.43,-93.51,104.68,71.41
-0.18,1.22,-0.93,117.13,-69.95,131.29
0.15,1.79,-0.92,57.13,-52.55,74.58
-0.18,1.06,-1.15,38.57,13,-45.96
-0.42,1.14,-1.69,57.37,-6.84,-54.75
-0.57,1.49,-1.37,-4.27,-37.96,-33.94
-4,3.28,0.28,220.21,376.83,758.42
-4,4,-1.45,455.44,430.48,441.28
-2.24,4,-2.51,479.13,14.95,249.39
-0.69,1.88,-1.09,-51.57,15.26,36.5
-0.66,0.51,-1.12,-21.55,79.65,28.87
-0.52,1.25,-1.06,14.4,57.37,113.71
-0.33,2.02,-1.08,8.61,-34.55,46.39
-0.43,1.28,-1.27,32.47,-40.41,-81.3
-0.7,1.38,-1.46,32.1,-67.26,-102.11
-0.99,1.62,-1.51,-47.67,-91.86,-130.8
-4,1.62,-1.75,18.92,543.33,869.45
-4,3.74,-1.53,-16.24,518.86,744.69
-4,4,-2.39,602.42,256.16,463.5
-1.62,2.32,-1.79,-50.35,73.43,-3.54
-1.54,1.61,-1.12,-66.35,95.4,189.64
-0.82,2.66,-1.19,45.04,75.2,30.27
-0.92,1.57,-0.42,94.12,-168.82,-118.84
-0.79,0.89,-0.59,-12.02,12.33,-108.34
-1.01,1.19,-1.02,68.24,-33.39,-184.94
-1.34,1.42,-1.2,79.04,-99.67,-240.6
-4,1.4,-1.9,-151.18,835.45,1097.41
-4,2.6,-1.73,-59.27,624.33,973.88
-4,4,0.66,680.85,94.67,495.61
-2.08,4,-2.47,312.32,103.7,199.58
-1.52,1.43,-0.36,-45.35,-119.81,35.64
-1.27,1.6,-0.2,110.72,14.65,195.37
-1.05,2.46,-0.34,64.76,-25.51,109.19
-0.88,2.02,-0.26,35.28,-0.06,-45.53
-0.95,1.66,-0.32,70.01,8.36,-126.65
-1.13,1.61,-0.3,9.7,-7.08,-171.26
-4,-3.14,-0.08,99.24,590.21,284.06
-4,-1.35,-0.73,66.77,713.62,676.7
-4,1.17,-0.62,135.13,386.96,765.69
-4,4,0.08,481.08,374.08,479.25
-3.07,4,-1.81,648.19,282.17,349.98
-0.33,3.56,-2.57,261.11,82.82,109.56
-1.05,0.67,-1.75,-3.97,52.49,-92.16
-0.68,0.94,-0.41,-46.69,-93.69,87.34
-0.45,1.75,-0.6,-22.58,-5.37,80.2
-0.38,1.77,-1.13,36.32,4.82,-33.45
-3.6,-2.43,1.74,208.92,280.88,217.41
-4,-2.09,1.63,349.49,313.05,557.62
-4,0.46,1.07,186.4,423.65,970.95
-4,4,0.58,136.78,564.03,795.59
-4,4,-3.87,766.48,266.66,224.91
-1.67,2.47,-2.56,36.68,-116.88,-75.68
-0.94,-0.13,-0.78,-64.09,26.55,177.86
-0.15,1.91,-0.34,134.83,-17.88,163.27
-0.22,2.12,-0.69,99.61,-61.52,22.34
-0.42,1.7,-0.86,74.52,-46.33,-73.06
-4,-1.98,1.31,121.03,531.31,429.75
-4,0.13,-0.32,178.1,768.01,837.34
-4,1.6,-1.86,-61.16,955.75,1055.79
-4,3.55,-1.6,220.89,614.01,797.06
-4,4,-2.7,783.87,201.84,598.75
-1.65,3.03,-2.44,-158.14,9.16,-105.47
-1.5,-0.53,-0.75,-37.6,11.9,87.65
-1.5,2.43,-0.75,134.09,-19.9,285.03
-0.69,2.56,-0.11,148.62,-89.97,-93.44
-0.83,1.3,-0.38,16.17,55.73,-126.28
-3.4,-2.14,2.16,123.17,470.09,166.26
-4,-2.76,1.47,285.16,566.1,424.74
-4,-1.07,1.03,262.57,578.8,814.51
-4,4,1.5,176.03,593.81,830.75
-4,4,-4,725.95,567.32,175.17
-2.27,3.15,-3.95,226.38,-175.6,-276.98
-1.85,-0.68,0.79,-335.08,-87.52,62.56
-0.15,2.38,-3.37,41.26,158.57,102.97
-0.07,1.77,-0.6,175.17,-247.25,-55.36
-0.53,0.76,-0.34,200.93,-180.6,-120.91
