0,1,2,3,4,5,6,7,8,9,10,11,12,13,14,15,16,17,18,19,20,21,22,23,24,25,26,27,28,29,30,31,32,33,34,35,36,37,38,39,40,41,42,43,44,45,46,47,48,49,50,51,52,53,54,55,56,57,58,59
-3.72,-4,-4,-4,-4,-2.08,-0.62,-0.4,-0.23,-0.39,-3.94,-3.96,0.87,4,4,4,3.52,1.95,1.55,0.92,1.9,2.26,1.23,4,2.64,-1.23,0.2,0.63,0.37,0.82,-119.2,349.18,246.15,87.59,-184.45,-195.68,31.43,-24.72,-0.55,-40.22,159.79,-14.95,-284.12,-459.23,77.03,291.93,-52.43,9.77,-0.31,-13.43,-0.37,630.19,1114.32,1020.32,634.52,280.58,34,11.41,-33.57,-73.06
-2.52,-4,-4,-4,-4,-3.25,-1.47,-0.75,-0.59,-0.2,-3.84,-4,-3.04,4,4,4,3.79,3.04,1.77,1.62,1.51,0.7,1.41,4,3.08,-0.66,1.33,0.75,-0.13,0.6,79.35,641.48,455.81,-298.89,135.68,-12.45,-321.47,140.81,-17.27,-112.61,110.6,-181.82,-714.48,-614.01,164.86,-12.82,-15.75,69.09,52.67,6.16,100.28,368.35,696.59,1102.72,611.02,308.72,247.68,79.83,-3.05,-10.86
-4,-4,-2.6,-0.75,-0.57,-0.19,-0.37,-0.54,-0.59,-0.93,4,4,4,4,1.73,1.63,1.36,1.42,1.67,1.91,1.35,3.42,0.22,0.74,1.35,0.69,0.38,0.42,0.25,0.07,335.02,-95.4,-28.5,-57.37,-94.18,-58.35,-74.1,-71.23,35.83,-44.37,-226.68,-132.14,227.54,-57.98,-9.09,34.85,13.67,-18.31,-52,-34.18,1052.12,765.5,505.98,54.26,-47.36,-51.45,-99,-120.73,-189.15,-275.57
-2.7,-1.36,-1,-0.26,-0.23,-0.18,-0.34,-0.6,-0.93,-1.05,4,2.59,0.85,1.41,0.95,1.12,1.34,1.72,2,2.57,1.48,2.39,0.33,-0.17,0.95,0.82,0.29,0.26,0.55,0.47,243.84,-50.05,-25.09,97.35,-172.85,-105.9,-44.62,-200.07,-365.6,-289.98,-304.99,-8.12,225.59,-7.45,20.26,57.01,57.5,63.17,11.17,-95.4,525.82,-87.4,18.55,23.07,-22.71,-38.02,-111.88,-174.44,-206.67,-295.53
-4,-0.5,-2.35,-0.58,-0.62,-0.58,-0.66,-0.58,-0.75,-0.84,4,4,0.17,0.87,0.95,0.8,0.69,1.09,1.53,1.67,0.56,3.04,1.98,-0.02,-0.35,0.11,0.27,0.15,-0.03,-0.13,5.68,-44.49,-0.43,161.93,-46.45,-120.54,-119.45,-92.65,-24.78,-64.94,200.13,-203,-43.52,136.6,76.9,24.11,24.54,31.19,11.96,-28.5,474.98,581.36,-372.07,31.37,-65.19,-117.07,-103.27,-103.76,-176.45,-226.14
-3.51,-4,-4,-4,-4,-2.64,-1.05,-0.53,-0.02,-0.03,-3.36,-3.02,0.45,4,4,4,3.98,1.62,1.22,1.12,1.23,2.13,2.01,3.99,4,-0.28,0.93,1.09,0.49,0.29,-134.58,158.33,360.53,460.33,75.2,-158.33,4.88,-84.78,-44.92,-109.99,214.29,71.04,-65,-327.09,-233.89,214.78,-130.37,16.17,41.38,38.21,-5.49,527.77,1031.49,1118.71,670.23,529.54,62.56,-33.87,-38.7,-80.93
-3.83,-4,-4,-4,-4,-2.32,-0.7,-0.64,-0.28,-0.25,-3.87,-2.17,1.6,4,4,4,2.94,1.38,1.25,1.01,1.01,1.8,2.79,4,3.29,1.05,1.54,0.61,0.48,0.51,-75.2,264.59,392.09,466.43,-310.18,62.13,8.79,39.49,0.18,-73.91,37.66,-66.53,-359.68,-612.98,-44.25,43.82,69.4,41.2,38.76,54.14,143.25,749.39,1087.46,974.79,645.45,235.17,27.4,33.63,9.09,-19.17
-3.09,-4,-4,-4,-4,-3.03,-1.15,-1.07,-0.31,-0.34,-3.28,-2.24,0.85,4,4,4,3.24,1.06,1.5,1,0.82,2.12,2.83,4,4,1.54,2.52,0.38,0.21,0.7,-44.37,161.62,561.95,635.99,-81.97,138.67,-58.78,128.3,9.52,-143.74,36.62,-6.59,-237.61,-515.87,-135.38,-101.56,72.94,52.31,20.87,53.04,133.36,632.32,1078.06,1065.25,764.83,520.39,35.52,52.06,52.19,8.42
-3.81,-4,-4,-4,-4,-1.15,-0.35,-0.46,0.03,-0.04,-2.92,-2.13,1.4,4,4,4,3.38,1.14,0.99,0.95,1.75,1.96,1,3.75,4,1.02,1.56,0.88,0.95,1,-213.2,202.09,341.74,322.88,-184.33,96.37,-26.73,27.4,-88.62,-117.25,126.22,132.08,-74.4,-486.69,-93.26,1.16,7.26,1.95,14.95,14.89,216.98,637.08,972.78,869.2,832.76,412.41,70.74,21.24,19.1,2.5
-4,-4,-4,-4,-1.55,-0.47,-0.36,-0.24,-0.27,-0.29,-3.24,0.33,4,4,4,2.5,1.25,0.88,0.87,1.02,2.12,3.42,4,2.86,2.29,2.06,1.26,0.97,0.85,0.78,88.38,507.39,616.88,-141.24,62.19,-23.93,7.87,-45.04,-111.76,-110.66,-55.73,-177.55,-385.07,-86.61,-84.35,-4.15,34.97,49.74,51.94,55.42,694.52,974.12,821.59,589.05,211.73,22.58,-27.71,-46.45,-62.07,-90.52
-4,-4,-4,-0.72,-1.49,-0.57,-0.35,-0.36,-0.38,-0.62,4,4,4,4,1.1,1.36,1,0.77,1.02,1.03,4,4,0.97,2.04,1.08,0.38,0.66,0.62,0.33,0.47,618.1,-159,43.03,27.89,112.92,49.32,-59.2,-12.45,-6.1,-54.14,-526,-147.4,5.49,38.82,47.42,40.41,54.32,59.02,72.14,55.42,895.81,747.62,514.83,144.78,75.62,61.83,37.9,21.36,2.44,-61.52
-4,-4,-4,-4,-1.24,-2.64,-0.67,-0.65,-0.54,-0.44,-2.73,2.67,4,4,4,-0.16,1.28,1.19,0.94,1.21,2.56,3.82,4,2.54,4,1.72,0.49,0.16,0.8,0.58,314.51,669.49,791.2,-142.4,247.99,-235.9,210.51,-44.62,-122.92,9.95,80.14,-116.27,-478.58,-179.57,-366.82,177.25,15.93,50.72,49.62,76.78,770.87,1038.7,856.51,820.86,344.6,-40.95,109.62,38.45,25.94,-16.78
-4,-4,-4,-4,-4,-0.34,-1.06,-0.22,-0.17,-0.07,-2.84,-2.43,2.23,4,4,4,1.65,1.03,1,1.06,0.87,0.99,1.42,3.93,1.3,1.89,1.03,0.54,0.71,0.95,-36.19,-52.61,389.95,-49.32,143.43,23.13,-74.52,-21.85,-89.11,-125.79,23.01,133.12,-187.93,-203.43,-26.25,-88.81,75.32,27.22,16.97,29.3,417.36,768.62,992.98,850.46,724.43,266.66,-61.71,-4.46,-10.93,-40.59
-4,-4,-4,-4,-2.46,-0.3,-0.97,-0.26,-0.1,-0.17,-2.83,0.83,4,4,4,3.83,0.6,1.12,1.2,1.08,0.94,-0.25,1.42,3.18,-0.33,1.72,1.18,0.5,0.99,1.1,117.8,156.13,167.79,-166.75,43.52,-22.64,-43.76,-39,-88.26,-56.95,88.93,3.91,-320.56,-63.96,108.46,-130.86,57.68,-13.67,-12.45,28.56,622.19,983.34,950.68,739.38,593.32,-43.15,22.16,49.13,9.03,-23.32
-4,-4,-4,-4,-1.96,-1.1,-0.71,-0.1,-0.16,-0.15,-1.81,0.96,3.31,4,4,2.86,1.71,1.59,1.05,0.97,2.8,2.8,4,4,3.78,2.15,0.77,0.66,0.67,0.44,461.12,680.11,550.84,-13,75.74,-27.53,73.06,-67.69,-81.6,-11.78,58.17,-205.02,-392.21,-156.49,-201.97,90.7,74.58,76.23,82.03,46.14,625.18,911.8,753.23,756.71,315.37,85.08,55.6,32.17,-19.9,-52.12
-4,-4,-4,-4,-4,-1.21,-1,-0.36,-0.11,-0.11,-1.63,0.34,3.81,4,4,4,1.8,1.26,1.18,1.13,1.84,1.63,2.65,4,1.56,2.4,1.74,0.57,0.72,0.91,110.66,471.01,524.72,29.91,153.75,-32.96,-2.5,58.59,-99.67,-77.7,153.81,74.04,-370.97,-265.56,-82.89,-81.48,43.52,23.38,30.09,22.46,527.16,872.62,1154.79,852.84,743.41,192.38,5.07,18.8,2.01,-43.88
-4,-4,-4,-1.38,-0.44,-0.34,-0.08,0.03,-0.13,-0.26,2.15,4,4,4,3.07,1.37,1.08,1.18,1.3,1.51,1.8,3.69,2.75,2.97,1.79,1.08,0.86,0.73,0.56,0.61,358.7,234.44,-27.53,33.51,-50.29,-14.34,-93.26,-96.19,-127.32,-192.63,-156.8,-305.66,-51.21,-145.14,14.28,7.14,31.8,23.07,-0.85,-3.36,979.49,795.65,679.32,336.12,91.92,-5.86,4.7,-33.87,-88.44,-129.09
-4,-4,-3.95,-2.11,-0.99,-0.54,-0.26,-0.14,-0.12,-0.23,3.72,3.83,4,3.56,2.43,1.6,1.22,1.1,1.22,1.37,3.92,4,2.3,2.95,1.49,0.87,0.56,0.45,0.44,0.52,661.68,352.97,-171.02,127.14,7.81,52.8,7.69,-32.59,-46.02,-160.4,-293.52,-368.23,8.85,-102.97,69.95,41.2,51.57,57.19,29.17,37.48,823.79,599.79,593.69,269.84,127.75,65.25,32.1,4.52,-47.61,-93.02
-4,-3.48,-1.61,-0.18,-0.41,-0.12,-0.05,-0.16,-0.18,-0.38,4,4,4,3.62,1.8,1.15,1.11,0.98,1.25,1.67,3,2.39,0.89,1.25,1.07,0.77,0.56,0.57,0.6,0.53,251.65,-360.9,-164.86,205.08,-105.22,13.92,-0.43,-88.56,-59.69,-94.3,-395.45,10.93,172.06,-145.87,55.97,36.8,38.57,56.64,35.1,17.58,497.8,577.33,435.06,120,22.03,-1.95,-29.79,-52,-69.09,-127.56
-4,-2.9,-1.1,-0.86,-0.53,-0.16,-0.16,-0.13,-0.15,-0.28,3.14,4,3.62,2.02,1.5,1.27,1.04,1.11,1.45,1.82,2.86,1.27,2.47,1.65,0.66,0.48,0.53,0.39,0.41,0.6,-143.37,3.66,50.11,-103.15,95.89,-23.5,-49.19,-22.4,-107.91,-121.52,-115.97,63.78,-154.6,115.97,56.4,62.5,76.9,43.15,50.48,19.35,537.11,518.37,233.03,99.91,67.44,13.49,-26.06,-34.67,-74.22,-183.47
-4,-2.27,-0.54,-0.32,-0.22,-0.12,-0.24,-0.31,-0.27,-0.35,4,4,4,1.87,0.99,0.87,0.68,0.6,0.7,0.86,3.78,3.24,2.33,1.97,1.3,0.81,0.55,0.55,0.46,0.31,298.58,-147.4,122.07,-69.82,-4.88,-12.88,-51.03,-44.68,-44.8,-116.15,-502.56,-79.35,-111.88,64.03,71.23,68.6,81.97,62.32,52.06,65.31,693.91,596.86,174.19,1.16,-1.83,-25.57,-52.25,-45.23,-41.14,-52.37
-4,-4,-3.65,-1.68,-0.82,-0.6,-0.26,-0.28,-0.27,-0.21,4,4,3.81,3.83,2.73,1.65,1.08,0.89,0.75,0.84,2.69,3.58,0.87,2.27,1.57,0.96,0.86,0.38,0.13,0.19,885.07,605.83,-806.34,8.18,220.95,-138.61,45.17,11.84,-30.03,-63.9,-156.68,-613.95,325.56,-50.23,-8.24,95.95,42.66,83.74,64.76,30.52,929.75,619.63,541.93,345.21,119.75,52.98,0.98,-14.59,-24.6,-46.88
-4,-4,-2.76,-0.98,-0.02,-0.21,-0.11,-0.07,-0.08,-0.17,3.16,4,4,4,3.43,1.81,1.21,1.13,1.24,1.08,0.98,2.77,2.03,-0.05,0.59,0.51,0.54,0.43,0.48,0.35,585.88,578.61,-247.74,-149.72,125.92,-129.52,-97.11,-57.62,-91.31,-163.39,77.51,-396.18,-23.32,188.9,-40.28,44.31,25.76,28.32,39.67,85.88,963.93,929.14,444.89,311.46,42.11,-48.95,-48.52,-52.92,-78.43,-96.44
-2.41,-4,-4,-4,-4,-2.56,-0.24,-0.34,0.01,0.04,-3.28,-3.66,-0.28,4,4,4,4,1.91,1.38,1.2,1.51,2.07,1.72,4,4,0.59,1.14,0.92,0.65,0.43,136.23,120.12,446.66,553.16,151.55,-353.09,108.83,-57.5,-8.06,-50.11,-67.02,119.32,-91.74,-396.12,-341.92,328,-112.85,53.96,30.46,43.15,41.08,447.08,899.35,912.05,564.39,621.46,133.85,-52.8,-48.28,-72.51
-4,-4,-2.85,-0.13,-0.57,-0.06,0.02,-0.02,-0.07,-0.33,3.61,3.34,4,4,1.84,1.48,1.31,1.13,1.51,2.14,4,3.94,1.99,2.96,1.26,0.37,0.4,0.52,0.51,0.44,580.08,-269.35,-114.75,142.33,-59.39,32.59,-54.08,-164.18,-64.33,-171.87,-667.3,-172.18,35.83,-167.48,116.15,59.02,53.53,89.17,36.07,42.42,668.82,595.28,690.61,191.22,31.19,33.26,-18.31,-39.61,-90.88,-160.95
-3.74,-4,-4,-4,-3.41,-1.18,-0.77,-0.32,-0.23,-0.12,-2.46,-0.94,1.48,2.92,4,4,2.06,1.3,0.91,0.85,1.54,1.56,3.34,4,2.84,3.62,1.51,0.2,0.47,0.6,287.23,374.33,566.35,29.24,34.06,-65.43,8.36,28.5,-54.08,-55.66,-148.32,-147.83,-591.98,-413.64,-140.99,-103.09,107.54,69.46,43.21,41.69,433.96,770.02,823.49,639.28,747.99,181.34,3.48,1.83,-26.43,-26.06
-4,-4,-4,-0.27,-0.6,-0.12,0.04,-0.12,-0.33,-0.26,4,4,4,4,1.82,1.33,1.42,1.12,0.86,1.44,0.64,2.73,3.16,1.45,1.68,1.09,0.78,0.91,0.88,0.67,151.73,-17.88,-192.63,119.51,-95.7,38.09,-18.62,-35.1,5.31,-83.31,-238.95,-398.01,-21.97,-61.16,28.81,13.43,26.06,18.92,26.18,47.55,1130.13,981.45,708.86,189.88,-74.77,-11.47,-31.74,-100.59,-97.78,-120.73
-3.32,-4,-4,-4,-2.56,-0.99,-0.4,-0.23,-0.14,-0.14,-3.65,-2.64,1.67,4,4,4,2.49,1.57,1.24,0.99,1.14,1.88,2.86,4,2.54,2.09,0.91,0.16,0.28,0.32,31.31,312.13,516.24,312.38,-330.02,115.78,3.85,13.49,-50.42,-45.1,87.59,-95.46,-273.68,-466.86,65.98,-59.08,109.07,49.01,32.47,23.62,200.07,637.76,966.06,750.37,568.36,147.03,9.64,-7.57,-24.54,-48.34
-2.49,-3.98,-0.92,-0.29,-0.19,-0.02,-0.17,-0.18,-0.26,-0.47,4,3.1,4,2.82,1.39,1.26,1.01,1,1.17,1.55,3.55,2.84,1.07,1.36,1.29,0.74,0.69,0.75,0.59,0.54,60.67,-265.2,255.49,-181.15,17.27,11.54,-98.82,-89.05,-28.69,-105.96,-375.55,42.05,-156.37,36.93,-2.56,35.4,56.64,34.85,11.54,15.63,750.98,393.31,305.05,-8.24,-22.46,-59.33,-86.49,-100.28,-136.41,-161.56
-3.43,-4,-4,-4,-4,-1.97,-0.63,-0.48,-0.04,-0.19,-3.36,-3.03,1.1,4,4,4,3.28,1.17,1.22,0.95,0.57,1.16,1.81,4,4,-0.74,1.41,0.89,0.36,0.62,-138.85,248.23,213.01,395.39,-190.8,-240.54,39.06,-22.52,57.68,-44.8,-36.93,-182.56,-271.85,-494.87,-151.73,318.91,-16.91,38.45,13.61,24.96,-51.15,547,1053.16,916.81,659.79,635.13,-125.92,-45.29,-63.84,-95.64
-3.3,-4,-4,-4,-4,-2.66,-0.37,-0.9,-0.11,-0.17,-3.61,-3.34,-0.23,4,4,4,4,1.69,1.26,0.92,1.21,1.76,1.74,3.74,4,1.95,0.79,1.91,0.69,0.25,-119.93,196.47,484.31,640.81,160.1,-422.49,20.14,93.44,-75.87,-15.2,34.61,39.43,-151.55,-556.7,-480.83,242,41.81,-42.97,133.3,93.2,-176.27,387.82,881.23,894.84,587.28,620.36,235.6,-56.76,10.13,-38.02
-4,-0.69,-0.09,-0.04,0.11,-0.05,-0.01,-0.03,-0.08,-0.05,4,4,3.77,1.7,1.3,1.08,0.96,0.68,0.67,0.68,4,0.73,-0.45,1.13,0.97,0.57,0.6,0.71,0.61,0.4,-123.66,-120.24,-11.17,-86.06,-70.43,-34.79,-63.72,-109.19,-24.72,-15.44,-238.59,257.32,66.65,-52.06,36.74,31.62,21.61,59.81,43.33,34.06,540.53,408.45,60.49,-51.57,-31.25,-70.68,-91.49,-104.43,-89.11,-99.06
-3.94,-2.34,-0.43,-0.33,-0.15,-0.18,-0.2,-0.22,-0.19,-0.25,4,3.84,3.86,2.46,1.5,1.09,0.75,0.62,0.91,1.08,4,4,0.95,1.55,0.97,0.31,0.34,0.49,0.42,0.47,342.53,-13.18,-47.79,-59.51,38.88,21.24,-8.54,-15.75,-70.01,-58.84,-568.05,-79.65,105.47,-17.52,11.84,20.57,-13.73,-17.21,21.67,18.37,631.53,335.75,245.67,70.13,42.72,11.05,-2.38,1.22,5.07,-22.52
-3.5,-4,-4,-4,-3.62,-0.75,0.4,0.23,0.24,0.08,-3.36,-2.89,0.79,4,4,4,4,1.78,1.59,1.64,1.1,2.14,1.88,4,3.84,0.19,0.55,0.73,0.51,0.65,-155.64,214.36,184.14,505.31,-82.28,-287.9,216.8,-48.89,24.23,-61.16,121.58,-82.95,-15.38,-340.15,-207.28,209.11,-120.54,-8.85,-35.03,-28.02,9.34,483.76,909.24,822.88,550.9,413.27,89.05,3.17,-11.23,-56.76
-3.35,-4,-4,-4,-4,-4,-1.71,-1.32,-0.23,-0.14,-2.65,-3.86,-1.05,3.37,4,4,4,1.95,1.26,1.3,1.29,2.21,1.78,1.58,4,2.53,-0.03,1.68,0.87,0.27,-11.11,-1.89,445.13,455.2,177.67,-202.58,316.35,-207.21,23.68,47.12,107.54,163.57,111.33,-263.67,-463.2,156.49,-43.4,6.04,39.55,24.84,-137.63,269.47,867.37,1112.92,967.1,730.29,343.02,-57.43,29.54,-30.52
-3.45,-4,-4,-4,-4,-4,-0.76,-1.72,-0.25,-0.01,-3.59,-2.79,1.23,4,4,4,4,1.01,1.94,1.61,1.94,2.47,1.54,3.63,4,0.92,2.36,1.17,0.37,0.62,-123.11,320.01,391.3,479,144.9,-108.95,245.97,-141.66,184.39,-119.45,-6.41,17.09,-43.58,-420.35,-513.31,199.77,-328.06,121.34,-44.49,17.52,-193.97,484.31,1020.87,1191.1,878.11,741.46,45.84,60.67,103.64,-8.79
-4,-4,-4,-0.9,-2.29,-1,-0.25,-0.66,-0.27,-0.4,1.74,4,4,4,0.57,1.09,1.37,0.65,1.18,1.29,2.8,4,4,4,2.75,0.47,0.57,0.96,0.19,0.23,768.68,608.58,-117.86,182.25,-230.41,265.75,-59.08,15.93,12.39,-84.11,-327.15,-706.79,-232.3,-432.43,224.98,-27.4,31.43,38.39,58.47,39.98,957.58,943.42,798.28,354.86,-95.28,149.66,71.11,24.84,21.18,-28.75
-4,-4,-1.68,-1.37,-0.14,-0.16,-0.08,-0.21,-0.29,-0.36,4,4,4,2.17,1.34,0.98,0.91,0.8,1.11,1.43,3.24,3.08,2.69,1.87,1.01,1.14,1.21,0.97,0.55,0.73,179.99,-131.77,131.84,-112.98,81.3,-108.95,-81.12,-47.36,-13.79,-68.6,-413.7,-178.83,-176.64,112.18,-47.67,21.91,14.28,40.1,16.97,12.7,827.33,768.43,386.66,-46.51,56.09,13.73,-12.27,-29.48,-62.07,-136.23
-4,-4,-1.01,-0.36,-0.23,-0.08,-0.09,-0.24,-0.36,-0.55,4,4,3.74,0.84,0.94,1.12,0.82,0.83,1.1,1.14,4,-0.02,1.92,0.93,0.89,1.37,1.01,0.47,0.63,0.68,-137.08,47.55,-105.22,97.66,-107.73,-82.52,-93.93,-38.39,-25.15,-74.83,-343.63,74.16,-42.6,-41.14,-8.85,-21.36,31.37,28.08,-3.54,11.41,913.02,808.29,-96.98,76.78,89.05,46.33,0.67,-19.53,-60.73,-109.56
-4,-4,-0.85,-1.8,-0.46,-0.09,-0.31,-0.3,-0.5,-0.54,4,4,4,1.88,1.92,1.5,0.93,0.82,0.82,0.95,4,3.44,2.85,0.45,0.78,1.24,0.92,0.45,0.59,0.74,-6.77,26.92,28.69,47,-72.2,-130.92,-43.4,-44.74,-83.92,-53.71,-332.15,-292.79,-31.43,-6.1,-27.59,29.11,46.75,43.27,49.44,33.26,887.15,647.03,278.2,106.87,70.25,15.93,-36.44,-59.45,-79.47,-114.93
-4,-4,-4,-2.75,-1.71,-0.71,-0.13,-0.19,-0.47,-0.49,4,4,4,4,2.4,1.3,1.59,1.28,0.8,0.82,1.11,3.37,1.95,-0.61,0.45,0.78,0.59,0.84,0.7,0.39,302.43,134.22,-586.98,537.9,-205.99,-58.53,82.4,-87.1,-107.3,-40.47,-165.22,-415.77,332.46,-150.27,45.59,-55.85,-68.79,8.54,67.14,67.2,1320.86,1217.29,760.19,373.35,-125.37,107.36,46.26,-21.06,-50.35,-46.88
-3.72,-4,-4,-4,-4,0.32,-2.64,-0.57,-0.06,-0.24,-3.5,-4,-0.22,4,4,4,0.04,0.91,1.19,0.73,0.83,1.36,0.81,4,3.94,3.03,0.58,0.89,1.58,1.05,-154.42,64.82,471.13,128.05,14.28,51.15,-49.87,-32.17,-151,-105.47,92.71,217.16,-286.5,-572.45,-247.44,-142.33,106.32,-80.38,-35.77,42.36,205.99,734.19,1182.37,1065.73,1085.57,222.84,-174.99,52.49,36.01,-8.91
-4,-4,-4,-4,-3.89,-0.8,-0.7,-0.29,0.06,-0.15,-3.29,-2.26,2.81,4,4,4,2.2,1.21,1.46,1.08,1.01,2.5,2.16,4,1.34,1.07,1.46,0.73,1.06,1.19,-113.28,170.23,651.37,6.29,-175.48,173.03,-90.76,27.59,-127.93,-100.04,166.75,20.87,-346.19,-468.99,267.46,-217.65,-18.98,-29.66,-4.15,35.52,191.47,759.16,1064.7,993.53,750.18,302.25,1.46,62.5,21.36,-42.18
-4,-4,-4,-4,-4,-1.23,-1,-0.35,0.03,-0.12,-2.81,-3.16,1.55,4,4,4,1.19,0.06,0.68,0.6,1.17,1.02,0.48,4,4,1.83,2.48,1.11,1.47,1.1,-216.25,68.73,549.99,191.28,-55.24,64.27,-10.56,-31.92,-71.35,-10.93,235.78,404.72,-227.66,-453.12,-67.14,-170.04,-4.46,13.43,-4.76,48.16,140.44,678.22,1217.22,1251.28,846.62,158.02,-105.29,-10.93,25.02,-27.71
-4,-4,-4,-4,-2.51,-0.47,-0.74,-0.38,-0.41,-0.31,-3.44,1.33,4,4,4,3.79,1.7,1.23,0.71,0.93,2.49,3.07,4,2.38,3.23,2.13,0.31,0.26,0.79,0.65,273.93,618.35,472.29,44.43,78.61,-86.24,106.99,-38.76,-58.65,-34.73,-4.15,-287.23,-499.94,-18.19,-285.28,42.66,62.44,7.26,34.48,57.92,615.36,1056.4,1025.63,791.38,392.58,90.15,22.28,-19.78,-12.88,-8.24
-4,-4,-4,-4,-4,-0.54,-2.77,-0.7,-0.26,-0.3,-3.22,-1.4,2.16,4,4,4,1.18,1.92,1.61,1.18,1.29,1,0.93,4,4,3.99,1.17,0.29,0.76,1.12,-211.61,291.14,381.04,230.16,-314.21,290.59,-281.07,188.78,-162.23,-177,130.37,77.58,-599.24,-748.23,-246.7,-418.33,293.27,-72.08,4.27,23.01,21.36,674.32,1125,1042.11,1026.73,495.48,-87.46,180.11,74.46,62.87
-4,-4,-4,-4,-1.89,-1.32,-0.73,-0.13,-0.05,-0.28,-2.98,1.79,4,4,4,1.87,0.08,0.55,0.73,0.71,0.83,1.67,4,4,2.83,3.16,0.06,1.4,1.37,0.56,93.38,388.43,343.93,285.16,-31.07,-166.14,194.95,-153.38,-76.42,12.15,32.47,-210.39,-328.49,-632.57,-353.76,115.23,-5.07,-21.61,26.98,49.01,539.43,1073.43,1061.1,802.67,615.05,-93.32,18.55,108.64,71.35,17.21
-4,-4,-4,-2.97,-0.93,-0.7,-0.32,-0.3,-0.21,-0.35,2.03,4,4,4,3.27,1.39,1.12,0.8,0.9,0.9,1.18,1.96,3.44,-0.76,2.1,0.92,0.37,0.79,0.64,0.24,283.87,-59.08,-30.09,214.36,-214.97,75.01,-18.01,-82.4,-13.12,-22.71,-112.67,-224.3,70.62,-102.05,-36.19,48.58,29.42,7.2,19.84,32.78,1227.84,1376.77,684.57,332.52,87.34,9.52,7.08,-0.85,-11.35,-34.3
-4,-4,-3.7,-1.94,-1.04,-0.52,-0.35,-0.41,-0.56,-0.81,2.67,4,4,3.57,1.95,1.68,1.44,1.16,0.99,1.26,2.22,3,2.02,0.8,1.41,1.06,0.79,0.8,0.61,0.37,448.12,-132.57,235.72,37.23,-53.16,-58.35,-86.55,-83.19,-14.89,-22.28,-282.04,-132.51,-27.59,4.27,-46.94,-8.06,4.52,8.79,33.87,10.25,728.27,793.76,362.67,140.69,111.45,64.03,19.17,-38.02,-86.18,-126.53
-4,-4,-4,-4,-3.81,-0.85,-0.99,-0.17,-0.13,-0.13,-2.09,1.08,4,4,4,4,1.7,0.91,0.59,0.41,1.33,1.6,2.38,3.14,0.07,0.06,1.44,0.66,0.32,0.42,109.19,90.7,-20.75,188.54,-68.66,-63.35,-76.6,28.38,-3.3,-38.09,-95.95,-238.34,-22.4,-102.91,99.67,-68.85,-21.18,57.37,51.51,32.78,317.75,1008.91,1418.03,965.45,764.95,156.56,-109.68,-47.85,-40.41,-23.68
-3.42,-4,-4,-4,-4,-4,-2.13,-1.18,-0.54,-0.39,-2.08,-1.01,1.97,4,4,4,3.69,1.23,1.75,1.71,2.18,1.47,1.3,1.71,2.92,-0.62,0.32,0.47,0.51,0.71,-25.15,401.37,143.68,117.25,221.68,-222.35,87.83,-70.5,5,-5.55,82.4,47.91,39.43,2.08,-261.84,208.56,-63.23,31.56,-12.33,-2.5,44.01,555.42,1250.12,1388,1032.17,769.9,58.29,108.58,112.3,47.97
-4,-4,-4,0.68,-2.25,-0.42,-0.25,-0.06,-0.34,-0.44,3.34,4,4,4,0.81,1.2,1.06,1.08,0.68,0.66,0.54,1.85,2.88,3.12,1.33,0.18,0.98,1.14,0.6,0.5,109.25,74.58,-299.26,215.64,-111.63,89.6,-170.9,-75.62,-20.81,-20.45,-203.25,-419.19,-183.35,-221.19,250.18,-38.02,2.93,25.94,56.46,27.22,1014.77,925.23,868.29,454.77,-94.97,107.48,63.66,29.11,-32.1,-52.73
-4,-4,-4,-2.95,-1.21,-0.73,-0.47,-0.36,-0.43,-0.62,3.01,4,4,4,2.65,1.43,1.39,1.41,1.22,1.02,0.36,1.05,1.74,0.22,0.67,0.92,0.71,0.55,0.4,0.27,341.98,482.36,-27.83,90.09,-24.96,-94.42,8.18,-4.7,-54.32,-27.89,364.26,-122.8,-111.51,37.72,-3.3,-2.38,5.31,2.75,24.48,21.18,1213.07,1146.24,874.76,268.25,40.59,46.57,40.95,-0.79,-37.48,-89.97
-4,-4,-4,-4,-0.75,-1.81,-0.09,-0.38,-0.43,-0.46,1.43,4,4,4,3.7,0.55,1.69,0.9,0.67,0.95,1.85,3.06,3.88,-0.93,2.22,0.27,0.47,1.23,1.06,0.56,614.44,580.51,-171.57,36.25,-119.93,-10.07,108.58,-255.13,-66.77,40.53,-86.12,-593.14,-372.25,-185.73,22.71,76.11,-118.65,18.98,61.1,51.15,1019.04,1220.64,880.98,639.28,11.35,10.86,84.05,-38.02,-21.97,-46.81
-4,-4,-4,-3.98,-2.82,-0.91,-0.4,-0.4,-0.34,-0.33,1.72,4,3.43,4,0.86,1.24,1.43,0.78,0.78,0.9,3.08,4,2.57,4,1.49,0.49,0.61,1.15,0.51,0.35,522.77,552.61,-163.27,-63.35,-7.2,123.54,-85.21,-125.98,-5.92,-122.19,-498.47,-786.44,-219.54,-295.53,164.49,-31.07,13.37,55.97,74.28,95.46,990.6,975.83,769.17,362.18,-59.75,165.77,60.42,7.57,18.37,-13.67
-4,-4,-3.5,-1.68,-0.67,-0.6,-0.18,-0.26,-0.38,-0.46,4,4,4,4,2.36,1.26,1.28,1.09,0.93,1.1,1.37,2.15,1.32,1.78,1.07,0.92,0.84,0.71,0.61,0.53,393.13,89.54,-206.97,133.67,-44.19,-21.36,-46.2,-94.48,-7.63,-47.67,-138.12,-274.66,-7.63,-66.83,6.53,-0.37,17.15,53.89,20.69,22.16,1018.98,779.54,534.79,256.41,65.37,36.62,19.71,-20.32,-52.73,-78.25
-4,-4,-2.6,-1.48,-0.83,-0.52,-0.22,-0.24,-0.37,-0.53,3.48,4,4,2.69,1.95,1.24,0.93,0.75,0.72,0.94,3.34,1.46,2.7,1.57,0.52,0.66,0.8,0.68,0.42,0.37,105.04,-265.99,-11.96,-30.64,123.41,-9.09,-55.91,-73,-40.16,-85.82,-368.16,-91.67,-114.62,59.14,4.7,20.51,37.23,62.01,45.78,23.25,663.88,613.95,320.19,136.23,80.32,23.68,2.62,-18.19,-40.65,-75.56
-4,-4,-4,-1.81,-2.02,-0.47,-0.5,-0.26,-0.16,-0.23,3.54,3.97,4,4,1.43,1.39,0.83,0.72,0.83,1,3.39,3.7,1.71,3.85,1.73,0.47,0.86,0.95,0.68,0.62,946.41,85.75,-135.19,16.54,-70.37,99.06,-87.83,-9.64,-44.01,-79.35,-607.97,-392.46,-129.09,-205.38,137.33,-21.18,21.67,-0.79,25.02,23.07,1219.85,761.29,737.49,291.75,-1.1,86.55,21,14.1,-11.6,-82.09
-4,-4,-4,-4,-0.89,-2.24,-0.51,-0.72,-0.37,-0.52,2.72,4,4,4,4,0.49,1.65,1.09,1.24,1.09,1.66,2.87,2.64,-0.66,1.93,0.71,0.22,0.54,0.58,0.24,252.01,340.64,88.99,71.17,-1.04,-193.85,-3.97,-89.36,-93.02,-74.4,138.37,-175.6,-61.89,15.32,-156.01,37.11,-8.79,-17.4,-13.37,0.98,1223.27,1327.64,969.85,783.39,226.07,114.26,107.06,63.78,41.32,-1.16
-4,-4,-4,-4,-0.9,-2.17,-0.39,-0.55,-0.36,-0.41,2.7,4,3.99,4,3.35,-0.09,1.46,0.49,0.74,0.86,1.07,2.89,2.5,1.53,3.04,0.97,-0.08,0.84,0.96,0.39,636.54,492.25,-350.16,269.04,-240.23,-158.2,265.26,-211.18,-19.47,9.28,-114.32,-498.23,-34.61,-395.14,-67.69,259.34,-86.3,11.23,3.36,48.22,1184.39,1233.34,800.42,627.99,-20.2,-3.78,91.98,-21.36,27.1,-29.48
-4,-4,-4,-4,-4,-2,-1.29,-1.19,-0.16,-0.52,-1.52,0.76,3.21,3.44,4,4,2.23,1.14,1.41,0.69,2.06,2.01,2.79,3.95,0.77,3.25,2.1,0.05,0.45,1,319.21,464.29,475.46,-37.54,-145.51,38.7,-182.5,77.51,-77.88,-146.3,-145.26,-304.44,-531.07,-267.33,11.78,-327.88,112.67,77.45,-33.87,38.76,553.41,872.92,955.99,680.11,739.56,386.72,72.08,112.24,42.24,8.91
-4,-4,-4,-2.5,-0.71,-1.15,-0.16,-0.24,-0.3,-0.41,3.29,4,4,4,3.51,0.7,1.18,0.87,0.67,0.67,0.48,1.8,3.15,2.09,2,1.05,0.83,0.94,0.64,0.36,217.83,416.5,-140.08,161.32,-20.75,11.6,32.96,-42.66,31.49,-36.5,45.04,-329.71,-295.41,-110.23,48.65,52.73,-12.63,19.41,23.44,39.98,1174.38,1166.02,846.56,476.14,9.58,-12.15,25.88,-25.88,-46.45,-52.55
-4,-4,-4,-1.85,-0.42,-0.77,-0.34,-0.2,-0.18,-0.18,2.17,3.51,4,4,2.72,0.59,0.52,0.38,0.26,0.43,1.46,3.12,3.99,2.92,2.69,0.95,0.69,0.97,0.71,0.45,249.88,106.87,-80.44,-46.94,-101.01,106.45,-27.83,-5.43,-5.13,-75.38,-325.2,-354.19,-230.47,-184.02,22.89,48.71,9.46,2.75,5.13,18.55,885.99,628.78,703,408.39,74.71,-5.49,19.29,1.22,-4.33,2.56
-4,-4,-4,-1.15,-2.2,-0.43,-0.28,-0.51,-0.18,-0.39,2.48,2.65,4,4,0.83,1.7,0.94,0.39,0.95,0.99,3.81,3.73,1.7,3.74,1.26,-0.01,0.7,0.96,0.36,0.5,457.7,-45.59,-6.65,-12.88,-61.22,241.88,-165.53,-30.15,-29.6,-127.5,-500.06,-264.53,-54.38,-164.25,234.37,-67.08,66.16,27.59,40.53,50.17,734.31,655.58,670.47,277.22,8.85,120.61,20.32,25.88,13.92,-34.42
-4,-4,-4,-4,-1.44,-2.39,-0.83,-0.58,-0.69,-0.69,-1.5,2.39,3.2,4,4,0.01,0.89,1.21,1.25,1.21,1.2,2.28,4,1.69,3.19,1.01,0.01,0.37,1.05,0.29,356.26,404.66,71.66,-13.06,74.52,-234.8,217.77,-107.97,-115.36,52.73,-160.1,-324.16,-317.63,-100.28,-259.77,169.56,-80.26,5.62,16.36,66.96,680.79,797.97,648.99,729.68,249.88,-53.22,158.26,73.12,40.04,-10.68
-4,-4,-4,-2.89,-0.79,-0.99,-0.55,-0.13,-0.14,-0.16,1.96,4,4,4,3.88,1.69,1.1,1.01,0.68,0.66,1.44,3.18,2.99,0.72,1.87,1.01,0.34,0.4,0.75,0.73,209.35,311.52,-70.13,104.68,34.18,-14.4,43.95,-96.68,-137.7,-75.62,-60.12,-211.3,-134.7,-52,-86.06,58.9,10.8,6.9,5.62,32.17,916.99,978.88,661.99,467.59,202.51,11.41,25.09,-7.39,-37.41,-29.54
-4,-4,-4,-0.9,-2.17,-0.97,-0.51,-0.87,-0.82,-1.01,3.67,4,4,4,0.71,1.22,1.6,1.08,1.12,1.05,0.23,1.28,1.7,1.01,0.39,0.63,0.43,0.26,0.07,0.01,408.26,254.39,-201.9,257.08,-297.67,102.17,-38.82,-101.99,0.12,-2.01,21.42,-309.57,-85.21,-193.73,107.3,-88.87,19.84,41.26,32.53,19.9,1224.73,1146.61,911.8,263.24,-30.58,156.07,73.97,10.99,-18.13,-67.93
-4,-4,-4,-1.97,-2.09,-0.15,-0.35,-0.27,-0.2,-0.39,3.31,4,4,4,1.12,1.41,0.67,0.69,0.91,1.13,2.96,3.98,2.71,3.77,1.12,0.48,0.92,0.91,0.69,0.43,469.48,37.78,98.57,24.41,-57.19,65.67,-134.22,-51.39,-45.35,-89.84,-294.13,-287.11,-308.96,-273.8,197.33,-40.77,30.76,17.21,38.57,38.15,1078.61,804.75,747.8,321.53,-45.59,55.18,-7.69,-6.96,-30.88,-61.71
-4,-4,1.57,-4,-0.56,-0.02,-0.32,-0.23,-0.24,-0.57,4,4,4,1.1,0.64,1.33,0.88,0.87,1.05,1.42,2.21,2.72,0.45,1.93,0.67,0.99,0.97,0.73,0.36,0.18,150.09,-76.66,297.97,-102.42,74.34,1.22,-150.39,-67.02,-76.54,-2.56,-122.92,-73.85,-120.24,119.81,-13.73,-57.68,59.14,32.23,50.66,2.26,876.89,916.99,762.94,-520.63,196.72,8.3,0,-2.44,-21.3,-79.47
-4,-4,-3.24,-0.83,-1.09,-0.66,-0.28,-0.54,-0.44,-0.46,4,4,4,4,2.01,1.05,1.14,0.76,0.88,1.18,1.63,2.63,1.03,1.48,1.23,0.39,0.36,0.31,0.39,0.32,502.81,-112.37,-258.18,278.38,-164.73,79.41,78.86,-103.58,-72.75,35.89,-448.61,-343.2,126.34,-259.7,124.08,31.07,-9.34,75.56,41.5,14.59,1033.45,689.39,629.03,200.26,-59.14,46.08,-1.77,-54.38,-34.61,-81.24
-4,-4,-4,-2.47,-0.78,-1.59,-0.33,-0.42,-0.77,-0.73,2.86,4,4,4,2.74,0.88,1.48,1.27,1.01,1.48,1.34,2.45,0.78,2.37,1.86,0.15,0.14,0.42,0.43,0.31,375.31,108.22,-275.39,241.03,-232.24,-86.12,116.76,-129.46,-101.93,27.34,-266.6,-410.71,-27.83,-390.14,111.21,150.76,-57.13,33.02,40.22,12.57,1053.16,783.08,690.73,360.9,30.4,53.65,49.74,-42.97,-50.6,-86.61
-4,-4,-2.06,-0.69,-1.19,-0.31,-0.2,-0.22,-0.19,-0.38,4,4,4,3.34,1.05,1.29,0.92,0.81,1.09,1.3,1.75,1.42,1.07,2.32,0.6,0.1,0.49,0.78,0.51,0.36,297.3,-64.94,-48.4,89.29,-50.11,54.87,-119.2,-99.06,16.91,-11.84,-155.33,-41.2,-27.83,-152.28,153.69,-17.4,8.85,4.27,0.98,21.12,936.65,780.33,552.49,41.5,28.14,60.91,-13.43,-10.56,-22.89,-77.09
-4,-4,-4,-3.38,-1.21,0.24,-1.9,-1.11,-0.26,-0.69,2.64,4,4,3.88,4,2.36,-0.39,0.32,1.31,1.07,0.83,1.05,1.46,0.19,1.41,2.19,-0.04,-0.89,0.18,0.25,393.43,273.07,-44.62,-44.98,173.77,-126.65,-74.95,243.1,-80.69,-227.11,-102.84,-249.27,-82.7,25.57,-365.54,1.89,354.49,-73.85,-39,52.98,922.49,913.7,513.73,406.56,350.04,-110.05,-186.52,49.99,-9.89,-106.81
-4,-4,-4,-1.33,-1.25,-0.65,-0.23,-0.36,-0.32,-0.26,4,4,4,4,1.51,0.95,1.05,0.87,1,1.76,0.99,2.65,1.64,1.79,1.39,0.4,0.53,0.68,0.7,0.44,383.06,240.6,-473.88,200.87,-148.38,-58.47,25.21,-105.65,-56.21,41.99,-341.98,-532.29,30.46,-290.34,90.45,72.02,-29.91,30.7,21.36,7.45,1101.26,848.14,710.51,97.96,-36.87,34.18,0.12,-57.5,-31.62,-81.67
-4,-3.85,-1.2,-0.88,-0.56,-0.19,-0.27,-0.33,-0.49,-0.75,4,4,4,2.04,0.87,0.88,0.71,0.84,1.27,1.59,2.32,2.53,1.74,1.45,0.5,0.64,0.95,0.63,0.37,0.65,-12.88,-213.56,10.8,-97.66,42.54,-87.28,-94.67,30.76,-82.89,-46.2,-323.24,-192.63,-110.23,55.24,25.88,23.44,27.04,20.08,32.59,-28.38,762.02,667.36,255.07,-23.8,16.66,0.55,-28.2,-37.96,-74.77,-142.09
-3.43,-1.27,-0.7,-0.73,-0.21,-0.27,-0.25,-0.36,-0.57,-0.83,4,4,2.25,1.04,1.16,0.96,1.15,1.37,1.64,1.97,0.8,1.87,1.49,0.29,-0.04,0.31,0.49,0.39,0.29,0.37,-113.53,96.74,-203.92,-71.41,35.4,-127.93,-77.27,9.89,-35.1,-56.15,54.63,-249.51,93.75,130.25,-11.35,30.64,10.62,-1.16,21.06,-4.58,583.13,219.24,43.33,46.02,20.32,-6.41,-11.29,-62.13,-135.31,-188.23
-3.25,-2.25,-1.42,-0.03,-0.78,-0.84,-0.48,-0.55,-0.84,-0.87,4,4,4,2.88,0.93,0.46,0.98,1.19,1.26,1.77,1.6,-0.01,0.74,1.58,0.65,-0.74,-0.14,0.28,0.11,-0.09,-196.23,-144.23,42.91,-138,-55.91,94.24,17.09,-83.25,-12.45,115.3,-136.6,55.97,-184.51,-52.12,174.26,73,-41.2,-0.79,15.63,-34.73,584.96,309.63,202.33,1.46,-124.63,-51.94,-38.94,-86.43,-106.32,-143.86
-3.15,-0.41,-1.43,-0.37,-0.22,-0.46,-0.42,-0.57,-0.75,-0.93,4,4,0.99,0.94,1.04,0.74,0.95,1.15,1.36,1.49,0.53,1.04,1.22,0.98,0.87,0.52,0.42,0.37,0.39,0.33,2.14,193.36,-248.23,-27.71,-28.75,-19.59,-10.01,-25.09,9.52,66.41,127.2,-188.35,67.93,-12.45,33.26,38.57,26.86,27.04,1.53,-37.35,537.54,119.63,-71.78,46.75,-21.61,-31.92,-46.14,-92.65,-139.28,-184.14
-2.96,-0.77,-1.07,-0.45,-0.23,-0.26,-0.22,-0.33,-0.56,-0.66,4,3.26,1.26,1.07,0.94,0.77,1,1.22,1.41,1.68,0.72,2.14,1.1,0.12,0.17,0.5,0.53,0.24,0.25,0.36,89.78,-9.7,-145.39,42.79,-11.47,-125.24,-33.02,-28.5,-83.86,-28.14,-142.09,-126.22,156.62,87.95,23.86,36.01,20.69,27.65,26.12,-40.83,410.95,126.22,3.23,38.09,2.93,-9.4,-20.2,-56.88,-113.4,-200.07
-2.87,-0.96,-0.84,-0.43,-0.24,-0.22,-0.16,-0.19,-0.3,-0.29,4,3.84,1.77,1.09,1.05,0.79,0.85,0.86,0.95,1.13,0.91,1.05,1.11,0.7,0.53,0.65,0.7,0.52,0.54,0.62,-134.16,55.73,-74.46,-36.25,-20.45,-90.7,-42.42,-88.87,-117.13,-88.07,103.03,-103.21,55.48,51.82,30.15,48.77,39.43,73.43,83.37,72.39,528.2,124.94,-24.41,-3.23,-32.1,-50.84,-55.05,-83.07,-105.35,-146.3
-3.34,-4,-4,-4,-4,-2.65,-0.81,-0.78,-0.35,-0.31,-3.11,-2.67,0.54,4,4,4,4,2.24,1.38,1.46,1.45,1.47,0.27,2.87,4,0.5,0.71,1.33,0.91,0.63,-191.77,84.53,295.84,443.6,-34.61,-163.82,139.28,-93.87,29.66,-45.53,180.36,162.05,37.9,-441.96,-272.22,206.67,-123.84,-13.92,-3.3,16.78,228.15,576.29,936.52,890.44,630.68,485.6,200.56,-20.26,-41.56,-80.38
-2.12,-1.12,-0.76,-0.55,-0.42,-0.54,-0.76,-1.08,-1.27,-1.54,4,2.72,1.33,0.96,0.98,1.18,1.3,1.29,1.96,2.44,1.6,1.28,0.83,0.35,0.12,0.47,0.33,0.07,0.31,0.33,116.03,-97.78,-6.77,-46.45,-120.3,-104.49,19.53,-36.68,-49.01,-74.04,-100.83,2.99,28.81,42.3,24.11,1.28,-1.1,-9.58,-78.8,-103.39,295.78,63.54,26.86,-5.92,-21.18,-55.97,-114.5,-160.22,-210.88,-309.45
-1.4,-1.42,-0.57,-0.25,-0.31,-0.35,-0.52,-0.83,-0.86,-1.13,2.84,1.04,1.63,1.38,1.06,1.18,1.33,1.41,1.66,1.86,2.61,0.6,0.26,0.71,0.73,0.49,0.34,0.53,0.64,0.76,103.58,-164.61,77.15,-97.9,-153.75,-6.47,-18.37,-99.24,-28.08,-73.49,-180.54,165.04,-25.33,-2.87,40.83,35.22,33.45,18.37,-35.95,-36.32,25.76,80.57,117.31,38.39,9.89,-23.56,-80.51,-126.1,-211.49,-290.83
2.42,-2.7,-0.79,-0.17,-0.43,-0.45,-0.59,-0.76,-0.76,-0.82,4,0.46,0.74,0.93,0.68,0.64,0.74,1.15,1.17,1.17,1.86,0.93,0.25,1.08,0.98,0.49,0.5,0.42,0.4,0.5,214.42,-294.13,122.74,-54.44,-177.98,-145.87,-54.14,-34.36,-64.15,-65.19,-446.23,324.04,-64.7,-83.68,64.94,62.19,18.25,18.31,19.71,-5.13,128.72,-139.59,134.89,-22.64,1.34,-8.97,-28.81,-57.43,-95.64,-139.89
-4,-4,-3.18,-1.67,-0.96,-0.97,-0.39,-0.62,-0.62,-0.75,2.79,4,4,4,2.48,1.27,1.1,0.62,0.75,0.74,1.3,2.56,2.72,0.66,0.63,0.78,0.59,0.27,0.2,0.43,604.8,460.02,-313.11,342.1,-52,-71.78,63.11,-62.5,-54.81,-41.2,34.55,-500.12,66.96,-75.07,-0.61,-3.85,-25.76,52.25,13.31,10.68,965.09,849.18,641.6,144.71,19.23,34.06,18.19,-8.67,-0.43,-30.15
-4,-4,-4,-4,-2.3,-0.26,-0.33,-1.06,-0.28,-0.36,-1.93,0.47,4,4,4,4,2.58,0.58,0.88,0.86,1.54,0.18,0.46,2.38,1.4,0.8,0.92,1.8,0.12,0.49,-21.79,249.63,586.43,-23.8,-418.09,260.99,-100.1,177.8,-102.36,-142.76,302.61,337.46,-145.94,-467.71,111.21,-174.13,18.43,-108.28,130.98,51.09,438.66,758.97,935.73,570.5,511.35,292.18,-25.09,-51.88,10.19,-40.28
-4,-4,-4,-0.12,-2.25,-0.76,-0.28,-0.34,-0.38,-0.54,2.4,4,4,4,1.32,0.25,0.87,0.85,0.75,0.84,0.87,2.35,1.48,1.96,2.08,0.47,0.95,1.27,0.84,0.35,207.15,91.19,-88.99,136.78,-224.85,112.49,-28.26,-151.55,-6.77,2.62,-149.6,-269.96,-59.08,-250.43,145.87,-20.81,-53.77,34.12,44.19,51.76,942.75,834.29,723.75,515.2,-247.92,91.31,57.43,31.37,-15.69,-40.34
-4,-4,-4,-2.17,1.41,-1.67,-0.24,-0.47,-0.43,-0.53,2.13,4,4,4,3.93,-0.07,1.09,0.52,0.52,0.85,1.48,3.86,2.07,2.56,1.01,0.92,0.12,0.4,0.41,0.23,486.88,410.89,-245,139.89,-366.21,88.68,12.51,-138.06,-67.87,-61.34,-262.57,-607.12,-30.15,-208.74,259.34,-128.97,51.82,83.62,58.59,51.21,934.57,721.74,637.88,289.37,27.65,-46.26,7.51,-32.84,-29.97,-44.98
-4,-4,-4,-1.23,-1.19,-0.81,-0.38,-0.46,-0.42,-0.47,3.74,4,4,4,2.18,0.79,0.81,0.67,0.78,0.89,0.94,3.25,1.09,1.94,1.22,0.65,0.65,0.69,0.56,0.37,377.69,78.19,-166.02,-4.82,-105.9,8.24,-61.04,-74.4,-43.27,-63.11,-216.74,-332.03,-43.4,-151.25,63.42,2.14,26.43,39.67,39.55,51.51,1020.32,763.31,711.3,327.39,-32.04,22.28,1.95,-17.4,-30.27,-62.13
-4,-4,-4,-2.55,-0.46,-0.87,-0.47,-0.49,-0.42,-0.43,3.02,4,4,4,4,1.82,1.12,0.79,0.77,1.03,0.49,1.4,1.07,0.04,0.74,0.77,0.69,0.64,0.6,0.42,222.41,83.86,-174.99,1.65,1.16,-97.53,-22.03,-14.53,-34.85,-78.12,-66.77,-186.83,70.74,9.4,-70.43,28.44,-0.24,17.64,28.5,49.26,940.25,769.84,585.08,424.5,203.43,-17.09,-10.93,-38.45,-32.29,-53.34
-4,-4,-4,-2.01,-1.34,-0.96,-0.62,-0.52,-0.49,-0.5,1.83,2.92,3.55,3.64,2.18,1.03,0.87,0.75,0.75,0.86,1.5,2.31,1.79,0.92,0.83,0.83,0.4,0.3,0.54,0.38,366.46,-0.98,-134.4,75.62,-95.21,-40.34,-0.06,-82.09,-86.18,-56.58,-129.88,-177.37,46.08,-21.97,17.58,26.43,35.1,25.7,14.47,16.36,704.28,573.24,482.06,280.27,83.19,43.27,19.29,5.62,-13.55,-34.85
-4,-4,-3.91,-1.64,-1.15,-0.34,-0.93,-0.41,-0.55,-0.71,2.57,3.27,4,4,2.12,2.02,0.37,0.66,0.87,1.03,1.41,1.81,1.97,0.87,0.86,1.1,0.09,0.04,0.33,0.41,391.11,-92.96,52.12,110.53,-182.01,-45.9,-9.89,-5.13,-152.4,-79.47,-165.89,-166.56,-22.52,-63.17,19.96,0.43,74.28,1.04,31.13,34.36,672.79,553.41,555.79,185.06,21,19.1,-60.06,11.11,-16.66,-44.8
-4,-4,-3.27,-1.72,-0.13,-0.98,-0.45,-0.39,-0.44,-0.68,4,4,4,4,4,1.22,0.54,0.64,0.93,1.02,-0.36,1.77,1.08,0.28,3.06,0.29,-0.28,0.63,0.42,0.2,423.22,-22.52,-98.94,159.67,-49.38,-36.93,-91.25,-140.81,-118.29,-9.4,-198.91,-245.91,-19.96,-106.51,-141.66,301.03,70.56,-24.78,76.17,27.71,967.71,778.69,633.91,341,134.16,-55.48,-37.05,-40.71,-51.39,-77.39
-4,-4,-2.64,-1.35,-0.99,-0.47,-0.35,-0.49,-0.38,-0.48,4,4,4,4,1.77,1.33,0.95,0.65,0.94,1.13,0.26,1.79,0.53,0.44,0.53,0.61,0.74,0.48,0.22,0.33,349.61,-47.36,-568.6,120.79,-65.12,-26.49,-34.12,-31.68,-12.76,-75.68,-232.67,-439.76,182.62,-30.21,81.12,3.11,14.77,48.34,26.18,6.53,1011.72,743.65,543.52,184.94,-16.17,7.87,-30.64,-42.72,-50.05,-89.36
-4,-4,-4,-1.57,-0.7,-0.94,-0.19,-0.46,-0.42,-0.35,2.92,4,4,4,3.2,0.93,1.08,0.64,0.69,0.93,0.45,2.43,2.26,1.08,1.36,1.01,0.58,0.81,0.7,0.38,332.03,202.33,-154.91,178.34,-109.44,-44.86,26.06,-117.92,-55.42,0.49,-13.98,-303.59,41.87,-151.79,-5,33.39,-13.55,31.62,41.99,17.15,1063.17,885.44,724.85,379.76,7.14,-23.32,-10.01,-63.6,-37.54,-49.26
-4,-4,-2.95,-1.34,-0.42,-0.62,-0.31,-0.33,-0.5,-0.48,3.8,4,4,4,2.95,1.66,1.32,1.07,0.92,1.16,0.28,0.3,1.42,-0.64,-0.2,0.34,0.4,0.39,0.15,0.24,409.06,127.44,-339.66,120.42,-64.15,-106.32,-22.46,-5.8,-45.9,-62.26,39.37,-196.72,29.66,87.77,-5.74,-17.27,-16.6,21.06,49.01,27.89,887.57,658.14,491.33,274.72,115.72,17.27,18.37,-42.79,-43.88,-46.45
-4,-3.3,-1.67,-0.4,-0.59,-0.39,-0.38,-0.67,-0.57,-0.64,4,4,4,2.81,1.29,1.14,0.9,0.7,0.85,1.09,3.28,1.17,0.44,1.49,0.53,0.45,0.44,0.56,0.5,0.29,396.06,-337.1,-85.21,-26.18,-134.58,45.23,-94.97,-185.91,-86.67,-33.81,-558.35,34.55,-61.04,-126.22,83.74,-8.91,40.77,59.14,33.45,44.19,807.56,534.48,213.5,15.08,-14.77,-19.17,-60.24,-81.12,-62.99,-91.86
-4,-3.68,-0.01,-1.7,-0.34,-0.37,-0.42,-0.35,-0.5,-0.73,4,4,4,0.83,1.11,0.94,0.83,1.05,1.19,1.48,2.75,0.65,2.7,1.17,0.46,1.02,0.94,0.44,0.25,0.52,-105.35,-107.18,33.75,-114.14,49.07,-137.15,-98.27,-9.77,-60.55,-65,-231.57,-52,-186.77,140.93,-55.18,23.13,47.73,32.78,25.51,-4.21,715.39,741.82,166.44,-92.16,54.14,-4.58,-18.13,-44.74,-107.42,-141.05
-4,-2.38,-0.42,-1.6,-0.28,-0.36,-0.62,-0.54,-0.6,-0.76,4,4,3.39,0.45,1.23,0.84,0.54,0.86,1.23,1.37,1.44,1.51,2.38,0.29,0.06,0.53,0.33,0.14,0.19,0.34,-595.89,194.15,-175.54,-112.37,106.45,-142.64,-160.03,-23.86,-49.8,-152.95,-7.45,-187.26,88.56,243.9,-93.75,79.28,104.61,39.06,34,55.6,564.88,355.29,-9.7,-102.66,37.17,-60.42,-55.91,-33.02,-89.9,-140.62
-4,-4,-4,-1.29,-0.59,-0.83,-0.48,-0.38,-0.48,-0.49,2.94,4,4,4,2.85,2.15,0.56,0.65,0.72,0.88,-0.42,0.79,2.46,-0.06,1.26,1.42,-0.08,0.37,0.36,0.17,417.79,511.84,-397.95,197.2,-75.68,-60.67,30.21,0.67,-89.54,-40.83,134.03,-444.7,-0.12,77.15,-59.94,106.57,125.49,1.71,58.17,40.83,1028.5,1090.15,520.2,209.05,15.14,-89.54,-36.62,-33.39,-38.39,-41.32
-4,-4,-1.37,-1.82,-0.61,-0.29,-0.54,-0.48,-0.42,-0.6,4,4,4,1.26,1.26,1.15,0.65,0.77,1.08,1.14,2.8,0.91,2.6,1.49,0.44,0.72,0.85,0.59,0.25,0.4,170.84,-97.23,126.65,-229.13,75.01,-83.25,-170.84,13.92,-54.32,-114.75,-333.68,-34.55,-293.33,188.72,19.71,16.85,65.12,41.5,45.59,30.94,808.96,730.59,389.95,-66.65,60.06,-12.7,-43.7,-34.79,-67.57,-114.2
-3.35,-1.22,-1.16,-0.58,-0.43,-0.64,-0.39,-0.37,-0.47,-0.52,4,4,2.02,1.23,0.83,0.43,0.41,0.7,0.78,0.73,-0.3,1.95,1.47,0.56,0.65,0.71,0.35,0.28,0.34,0.65,-161.74,11.72,-115.97,27.59,-83.07,-100.4,-45.65,-59.02,-117.07,-124.21,129.39,-208.62,87.83,10.25,41.32,61.4,53.77,51.03,40.1,43.64,674.44,271.12,-20.39,18.68,-28.32,-42.85,-1.77,-16.17,-57.5,-76.48
-4,-4,-4,-4,-4,-1.93,-0.58,-0.78,-0.19,-0.13,-3.06,-0.77,2.65,4,4,4,3.99,1.24,1.34,1.31,1.99,1.76,0.85,2.78,3.07,-1.04,0.81,0.72,0.64,0.7,-10.99,183.23,281.74,364.99,-85.88,-112.73,116.15,-49.38,30.21,-54.75,118.47,167.72,100.52,-243.71,-120.06,224.37,-112.49,19.29,-37.6,-13.37,99.24,724.18,1169.43,1158.14,724.12,512.45,39.67,0.92,12.02,-28.08
-4,-4,-4,-2.44,-1.58,-0.97,-0.14,-0.35,-0.36,-0.51,4,4,4,4,2.77,0.89,1.48,1.08,0.77,0.83,0.43,3.35,3.7,0.42,1.76,0.88,0.33,0.84,0.95,0.31,334.59,377.62,-255.8,242.61,-248.72,59.75,-30.33,-163.21,-94.85,-5,-41.14,-523.25,71.29,-96.13,108.22,5.74,8.42,11.29,33.33,49.26,1308.65,1256.29,773.5,540.41,-127.69,42.79,15.87,-58.29,-91.31,-106.93
-4,-4,-3.1,-1.62,-1.07,-0.54,-0.52,-0.77,-0.78,-0.77,4,4,4,4,3.47,2.34,0.96,0.26,0.75,1.29,0.59,2.55,0.41,0.14,0.53,0.82,0.35,-0.18,0.1,0.12,379.39,218.81,1.77,58.84,-31.49,-22.71,43.95,-26.55,-22.58,-7.02,-31.37,-176.76,81.73,-118.47,-66.71,-36.07,42.66,61.89,8.48,33.75,1192.32,847.96,581.18,325.01,75.81,1.22,-60.97,-59.39,-23.62,-57.86
-4,-4,-1.6,-0.24,-0.24,-0.12,-0.23,-0.16,-0.34,-0.57,4,4,4,2.98,1.32,0.87,0.73,1.25,1.47,1.9,2.86,1.84,1.13,1.66,0.96,1,1.09,0.61,0.65,0.89,-102.72,5.43,-78.61,-94.3,50.78,-57.25,-11.47,47.36,-126.1,-51.64,-160.34,-78.67,-62.62,12.27,4.27,18.49,7.2,-14.28,2.81,-32.59,685.79,591.43,323.24,36.68,-2.01,-20.32,-26.61,-42.66,-81.24,-155.88
-1.25,-0.83,-0.41,-0.38,-0.33,-0.39,-0.53,-0.63,-0.93,-1.21,4,2.21,1.12,0.59,0.42,0.4,0.67,1.11,1.28,2.12,2.54,1.84,1.26,1.14,0.96,0.92,0.7,0.57,0.99,1.09,-30.76,-9.7,4.88,-13.79,-22.34,-29.3,17.33,-55.05,-110.23,-83.44,-109.86,7.26,24.29,42.6,40.83,37.84,30.94,22.77,-16.48,-3.78,223.14,16.78,-29.6,-40.95,-50.42,-45.47,-58.04,-86.12,-147.03,-217.9
-3.63,-4,-4,-4,-4,-3.93,-1.87,-1,1.35,-0.83,-2.36,-1.25,0.47,4,4,4,4,2.77,4,0.93,1.65,2.27,1.14,0.13,0.92,2.03,0.63,-0.54,0.99,0.95,-139.71,7.08,312.5,478.45,417.6,-272.34,-164.92,84.59,-30.09,19.17,132.69,189.7,440.49,52.25,-423.4,-271.61,163.51,81.73,-121.83,137.57,-6.77,397.03,816.71,1143.37,1055.6,646.91,261.66,63.6,8.06,-195.74
-4,-4,-4,-2.99,-0.97,-0.91,-0.76,-0.45,-0.58,-0.72,3.5,4,4,4,3.98,2,1.04,0.97,1.07,1.34,-0.29,0.44,1.83,-0.27,0.51,0.88,0.71,0.5,0.47,0.32,520.75,333.74,-342.83,-55.73,129.09,-181.09,-38.82,76.05,-26.49,-39.86,77.09,-427,-154.42,147.4,-151.12,-10.13,-5.07,-24.84,16.11,21.42,1153.44,1120.3,650.21,375.55,164.86,-55.97,-41.08,-53.34,-75.26,-100.65
-4,-4,-2.47,-1.09,-0.68,-0.29,-0.48,-0.35,-0.52,-0.73,4,4,4,2.64,1.33,1.1,0.62,0.82,0.96,1.67,1.83,2.46,0.6,1.84,0.91,0.75,1.06,0.55,0.18,0.39,168.95,-197.2,9.28,-165.22,8.48,-64.45,-86,14.04,-10.38,-52.92,-400.33,-34.06,-122.99,-15.81,12.88,-6.41,1.16,15.5,-5.13,-39.79,970.09,723.27,310.36,29.85,7.63,-24.11,-47.73,-57.86,-48.28,-100.71
-4,-4,-4,-2.44,-0.56,-1.15,-0.74,-0.42,-0.67,-0.66,3.16,4,4,4,3.58,1.47,0.94,0.89,0.55,0.81,0.76,1.66,2.95,0.15,0.68,0.62,0.49,0.18,0.1,0.13,624.69,679.81,-275.63,-0.79,79.53,-174.01,64.88,56.34,-68.48,-73.43,39.79,-473.69,-228.33,119.63,-104.31,51.21,-1.46,29.79,51.45,18.19,980.96,1027.22,697.63,314.7,135.38,-42.72,0.92,-31.43,-49.19,-33.75
-4,-4,-4,-3.5,-1.04,-1.02,-0.98,-0.41,-0.35,-0.63,2.55,4,4,4,4,1.93,0.68,1.11,0.88,0.63,0.76,1.04,1.78,-0.59,0.36,1.18,0.89,0.48,0.53,0.43,232.18,194.46,7.75,-85.45,180.85,-245.85,-172,95.21,-64.15,-107.12,18.98,-143.07,-232.6,216.37,-241.03,-11.54,81.6,-31.07,45.1,64.58,1056.21,1139.47,764.1,554.63,257.75,-46.88,-8.73,23.19,-44.13,-54.38
-4,-4,-4,-0.41,-1.82,-1.55,-0.52,-0.5,-0.63,-0.56,3.63,4,4,4,1.74,0.78,1.5,1.16,0.94,1.16,-0.18,-0.16,0.78,0.25,0.82,0.44,0.55,0.53,0.14,0.23,248.11,539.37,-398.56,397.95,-217.47,-142.82,132.39,-114.5,-80.38,28.81,337.1,-246.03,-33.51,-187.26,135.74,77.76,-71.59,73.36,72.69,-2.01,1046.63,1033.57,873.47,442.75,-21.97,84.29,125.43,9.7,3.23,-4.64
-4,-4,-4,-3.51,-0.7,-2.28,-0.51,-0.54,-0.62,-0.32,2.32,4,4,4,3.77,0.54,1.24,0.71,0.6,1.1,0.96,1.82,1.93,1.85,2.15,0.66,0.56,0.51,0.38,0.36,335.08,529.91,-164.06,145.87,-34,-100.04,158.87,-54.93,4.27,4.15,-21.67,-324.77,-72.08,-175.23,-41.99,145.63,-54.02,86,21.12,8.73,945.07,929.08,621.09,513.18,161.25,1.1,108.95,-6.9,46.75,26.73
-4,-4,-4,-2.73,-0.92,-0.76,-0.26,-0.27,-0.16,-0.18,3.18,4,4,4,3.78,1.85,1.33,0.73,0.83,0.94,0.68,1.85,2.37,0.29,1.14,1.33,0.92,0.78,0.62,0.61,205.2,153.69,-127.69,151.12,-10.13,-48.34,58.11,-8.67,-34.73,-63.66,-39.12,-199.77,54.99,13.49,-51.88,18.98,3.78,15.5,5.86,6.84,995.85,883.85,638.85,441.53,197.81,58.17,8.06,-47.91,-26.06,-51.64
-3.7,-4,-4,-4,-4,-2.75,-1.47,-0.87,-0.47,-0.56,-1.95,-0.5,2.07,4,4,4,2.63,1.08,1.07,0.68,1.54,1.87,1.6,3.3,2.7,1.13,1.55,1.08,0.76,0.85,26.18,145.75,521.85,538.51,-301.45,292.11,-107.54,149.41,-19.65,-13.37,79.9,94.36,45.29,-299.13,42.48,-117.8,36.01,-30.76,20.02,19.96,442.14,757.87,1051.82,878.48,704.1,379.09,27.89,77.39,21.79,-12.76
-3.5,-4,-4,-4,-4,-3.92,-1.42,-0.72,-0.47,-0.27,-2.96,-2.09,0.35,4,4,4,4,2.25,1.19,0.86,1.49,1.45,0.79,0.92,2.35,-0.5,0.67,1.11,0.63,0.78,-76.72,-1.16,251.16,212.04,-56.52,108.4,-5.43,-26.37,30.64,-26.73,166.5,243.96,124.63,-88.81,-3.42,83.31,-90.33,19.71,4.39,1.77,182.37,613.89,968.57,964.29,707.21,586.36,347.72,31.49,-9.7,-24.35
-4,-4,-4,-2.08,-1.07,-0.48,-0.2,-0.25,-0.24,-0.25,2.5,4,3.04,3.71,2.79,1.9,1.44,1.07,0.88,1.08,1.2,2.68,2.56,0.41,0.99,1.39,0.89,0.62,0.69,0.71,443.3,264.59,-162.41,124.33,-96.07,-48.83,72.45,-18.8,-97.84,-96.13,-68.18,-269.17,44.07,-18.37,-67.38,-18.43,13.31,13.92,9.09,27.71,873.35,672.49,480.1,347.84,172.18,95.95,7.32,-54.02,-49.62,-76.48
-4,-4,-3.92,-2.2,-1.04,-1.24,-0.59,-0.53,-0.69,-0.6,2.03,3,3.54,3.66,2.49,0.85,0.89,0.68,0.59,1.12,1.44,2.04,1.64,1.25,0.89,0.58,0.34,0.18,0.25,0.39,366.82,92.35,-173.83,52,-58.84,-89.97,55.18,-37.6,-78.92,-65.19,-196.84,-286.38,-49.99,-62.07,19.41,65.86,17.64,35.77,18.37,0.92,700.5,590.94,486.21,256.1,48.58,-20.81,-7.75,-45.17,-48.28,-51.03
-4,-4,-4,-3.41,-1.15,-1.29,-0.66,-0.43,-0.61,-0.58,3.85,4,4,4,3.41,1.31,1.21,0.84,0.49,0.77,0.08,1.2,3.16,-0.13,0.57,1.03,0.59,0.45,0.46,0.34,316.83,260.01,-322.39,22.09,-39.79,-165.83,10.68,-45.59,-68.05,-19.04,-124.63,-479.13,-135.44,145.45,-59.75,29.11,25.7,38.82,47.49,30.27,1207.28,1300.48,786.44,293.27,112.18,-11.23,38.27,-30.7,-37.96,-21.85
-4,-4,-4,-3.1,-0.94,-1.18,-0.25,-0.1,-0.24,-0.52,3.7,4,4,4,3.42,1.39,1.52,1.14,0.56,0.35,-0.01,1.3,2.58,0.11,0.44,0.98,0.9,0.76,0.6,0.4,492.43,624.27,-284.48,103.94,75.62,-118.9,25.51,-71.9,-20.32,-21.91,341.98,-334.66,-27.28,152.28,-21.91,25.39,-28.2,31.68,20.63,33.02,1172.36,1302.31,730.9,316.53,129.27,23.86,60.12,-38.88,-52.12,-44.25
-4,-4,-4,-1.26,-1.14,-0.56,-0.31,-0.18,-0.24,-0.42,3.4,4,4,4,1.8,0.56,0.45,0.54,0.5,0.66,0.54,1.97,1.11,0.77,1.28,0.95,0.67,0.88,0.83,0.41,351.5,270.02,-264.65,225.59,-131.29,67.26,15.56,-48.46,-18.86,36.99,37.78,-269.35,254.58,-155.27,54.44,-5.55,-7.69,-7.87,16.11,5.31,1177.73,988.95,713.01,255.8,-41.81,-3.85,0.92,13.92,-1.22,-12.82
-4,-4,-4,-2.4,-0.92,-1.3,-0.57,-0.19,-0.45,-0.31,2.93,4,4,4,3.4,1.46,1.24,0.98,0.62,0.82,0.85,2.41,3.19,1.14,1.92,0.96,0.23,0.49,0.52,0.18,311.52,628.36,-329.47,71.9,-34.12,-82.28,108.89,-100.4,-123.96,10.74,58.78,-440.19,-32.78,-10.25,-39.37,172.06,-13.85,40.04,80.2,41.32,1108.89,1121.89,611.82,426.15,135.31,2.93,70.5,9.03,-12.27,-5.8
-3.99,-4,-4,-4,-4,-1.64,-3.23,-0.61,-0.25,-0.22,-1.49,-0.44,2.79,4,4,4,1.11,1.13,1.36,1.27,2.48,1.71,0.48,0.86,1.5,-2.2,0.87,0.8,0.73,0.79,-16.97,353.52,189.58,336.24,-83.62,5.13,-6.59,28.56,-41.02,-40.77,151.79,204.71,281.13,-24.23,-25.15,245.73,-22.95,-18.01,27.83,15.87,87.04,534.36,1175.05,1299.74,1012.51,599.98,-216.98,80.2,86.06,25.51
-3.97,-4,-4,-4,-4,-2.95,-1.14,-0.52,-0.31,-0.26,-2.03,-1.56,1.42,4,4,4,3.52,1.42,0.83,0.64,2.37,2.3,0.29,2.55,4,0.66,1.26,1.26,0.93,0.78,-78.55,137.57,554.02,607.67,-69.58,52.43,-42.6,-37.84,-28.32,-34,183.72,470.64,217.04,-289.73,-145.69,133.54,-13.12,0.55,2.38,-8.67,66.83,516.48,1150.39,1386.05,858.64,423.71,145.75,36.07,19.1,14.77
-2.99,-4,-4,-4,-4,-3.93,-1.62,-1.22,-0.5,-0.38,-2.61,-1.62,0.23,4,4,4,4,2.11,1.24,0.77,1.65,1.39,1.54,3.39,3.07,0.3,1.59,0.82,0.49,0.51,51.7,242.8,262.27,418.09,-16.42,-102.11,-33.39,-109.5,6.47,-66.16,-3.11,22.89,-99.06,-226.38,-153.26,46.75,-83.5,60.49,13.92,31.43,179.38,622.5,972.47,1074.65,686.28,540.53,236.08,38.94,22.09,-20.32
-4,-4,-4,-4,-1.24,-1.39,-0.9,-0.3,-0.36,-0.38,2.48,4,4,4,4,1.87,0.85,1.02,0.63,0.66,1.1,1.63,2.48,-0.46,1.59,1.79,0.36,-0.09,0.27,0.6,270.94,282.29,27.77,-171.75,137.02,-280.03,16.78,42.3,-177,-174.87,-98.94,-327.94,-166.14,257.75,-432.8,170.84,147.64,13.24,34,42.05,1086.55,1264.89,710.08,642.33,289.86,-33.33,22.09,-0.49,-36.44,-12.51
-3.21,-4,-4,-4,-4,-4,-2.14,-1.05,-0.61,-0.32,-2,-1.14,1.28,4,4,4,4,2.43,1.17,1.06,2.47,1.97,0.38,0.53,2.99,-0.09,0.95,1.21,0.56,0.52,-147.46,162.41,371.7,435.42,325.5,-422.12,152.1,-82.28,31.01,-21.79,133.3,440.37,341.67,-89.29,-417.42,250.55,-140.56,89.6,31.49,14.89,-21,427.55,928.96,1337.52,1009.16,617.13,325.56,-16.91,41.02,0.12
-3.56,-4,-4,-4,-4,-2.75,-1.77,-1.17,-0.68,-0.37,-1.87,-1.5,1.87,4,4,4,4,1.91,1.52,1.4,2.39,1.1,0.42,0.41,1.51,0.48,-0.89,-0.04,0.33,0.21,-108.28,179.02,304.87,575.93,129.88,-323.79,188.6,-117.07,-29.05,-9.46,205.32,555.48,355.65,61.04,-317.99,125.98,-14.59,-14.4,-12.88,15.38,-114.69,424.62,878.42,1230.83,987.3,576.54,245.24,64.03,138.31,50.66
-3.91,-4,-4,-4,-4,-3.99,-1.48,-1.18,-1.13,-0.32,-2.43,0.15,2.34,4,4,4,4,1.89,0.69,1.13,1.72,1.77,0.36,0.77,2.56,0.58,1.05,1.08,0.29,-0.08,-116.64,-13.55,512.45,546.2,-78.06,-273.01,229.61,-321.53,42.42,141.72,181.7,336.79,188.66,-366.09,-431.82,152.34,-268.55,191.89,73.55,-20.39,153.75,610.96,975.16,1146.91,787.96,657.53,311.71,-62.93,55.05,57.68
-4,-4,-4,-3.16,-0.84,-0.97,-0.59,-0.28,-0.39,-0.39,3.63,4,4,4,4,1.99,1.2,1.12,0.95,0.98,-0.19,1.45,1.04,0.28,1.01,0.88,0.44,0.5,0.49,0.3,258.79,337.65,-207.95,-49.01,2.56,-98.14,-100.28,-83.19,-64.82,-10.44,123.35,-339.05,-2.56,33.63,-57.74,8.73,18.74,-2.26,3.78,-0.06,1114.26,1046.81,661.99,485.05,269.29,1.28,2.5,-53.89,-80.32,-89.29
-4,-4,-4,-1.86,-1.75,-0.66,-0.66,-0.39,-0.29,-0.42,3.06,4,4,4,3.13,2.12,1.3,0.99,0.85,0.73,-0.48,0.4,1.82,0.11,0.24,0.53,0.38,0.37,0.43,0.39,375.55,534.97,150.63,-442.32,-53.04,82.15,-59.33,-41.44,-74.52,-88.01,245.91,-225.52,-430.3,249.21,84.47,-45.9,56.82,-0.92,30.94,47.55,990.72,1167.05,843.14,372.68,162.84,68.36,0.92,-15.75,-57.31,-58.78
-4,-4,-4,-4,-4,-2.15,-1.09,-0.45,-0.21,-0.19,-1.82,2.05,4,4,4,4,2.55,1.3,1.08,0.81,2.59,0.71,0.7,3.31,0.7,-2.02,0.65,0.71,0.33,0.37,-9.64,413.09,406.86,141.17,-392.76,101.26,-94.48,-95.34,50.96,30.27,165.83,355.22,-62.68,-433.47,425.6,61.52,-125.18,24.23,14.71,-2.5,257.69,992.92,1409.48,1125.31,525.33,307.01,-40.1,8.85,-13.55,-41.08
-3.61,-4,-4,-4,-4,-3.51,-2.01,-0.94,-0.82,-0.42,-2.84,0.21,2.21,4,4,4,4,2.53,1.53,1.22,2.13,2.26,0.66,1.12,1.29,-0.33,0.96,0.72,-0.2,-0.2,-281.62,88.81,305.48,461.98,-19.04,-314.76,65.55,-156.92,-26.31,-17.64,-21.48,182.68,201.23,-266.78,-163.45,191.89,-148.56,149.48,107.3,32.59,25.63,724.12,974.37,1116.09,777.95,583.44,223.94,97.84,21.3,4.64
-3.53,-4,-4,-4,-4,-4,-2.78,-1.05,-1.29,-0.96,-2.02,-1.14,0.61,4,4,4,4,2.85,1.12,1.26,2.1,1.42,-0.17,-0.81,0.13,1.26,-0.24,0.43,0.52,0.34,-217.47,180.36,216.8,353.21,221.37,-286.13,-57.86,-23.25,-190.55,33.81,315.31,315.86,384.03,121.46,-307.5,-136.41,70.8,-80.63,56.82,18.07,112.3,368.04,705.57,989.01,937.56,760.5,476.26,133.54,59.08,119.38
-3.66,-4,-4,-4,-4,-3.72,-0.92,-1.22,-0.04,-0.24,-1.5,0.23,2.7,4,4,4,3.46,0.36,1.33,0.93,2.25,1.27,0.04,0.85,1.25,1.43,2.3,0.55,0.57,0.58,-58.29,166.99,429.93,442.38,-98.45,28.5,-191.53,-50.11,95.03,-170.04,167.36,359.99,110.35,-344.3,-290.34,-124.33,76.72,46.63,-53.83,52.92,292.3,676.03,1100.59,1091.92,813.48,672.06,-52.55,58.17,64.51,-62.87
-3.87,-4,-4,-4,-4,-4,-1.11,-1.02,-0.8,-0.13,-2.01,-0.48,1.96,4,4,4,4,1.89,0.52,0.88,1.8,1.51,0.09,1.38,3.4,1.82,2.06,2.07,0.64,0.38,-182.5,139.28,382.08,354.19,192.26,-78.98,69.52,-265.38,77.64,31.25,144.53,329.83,233.52,-254.03,-361.63,-106.63,-300.29,147.52,52.19,1.16,210.45,587.52,920.04,1125.61,781.25,691.16,274.66,-123.72,-7.14,-20.63
-3.05,-4,-4,-4,-4,-2.91,-1.74,-0.8,-0.94,-0.43,-2.14,-1.74,0.61,4,4,4,4,2.65,1.09,1.02,2.47,1.7,0.11,0.13,1.86,-0.11,0.62,1.33,0.23,-0.17,-269.47,134.03,409,568.3,27.77,-251.46,112.67,-199.71,-27.65,77.58,279.36,509.64,344.42,-173.22,-328.92,220.03,-158.51,79.53,146.48,13.31,29.42,386.35,754.33,1043.21,720.95,504.21,285.46,54.75,30.52,42.72
-3.38,-4,-4,-4,-4,-4,-0.87,-1.96,-0.77,-0.36,-1.77,-0.85,1.44,4,4,4,3.65,0.42,1.16,1.33,2.63,1.44,-0.16,0.3,0.94,0.44,1.59,0.61,-0.09,0.24,-128.05,264.04,375.43,712.1,-172.42,0.55,-34,-191.59,227.97,-89.97,277.89,408.26,356.87,-236.82,-206.91,-85.75,-135.19,114.75,-49.19,13.18,69.27,542.18,1039.43,1194.7,869.63,596.8,54.81,-59.39,112.73,30.09
-3.9,-4,-4,-4,-4,-3.7,-0.61,-1.96,-0.3,-0.03,-1.6,0.01,2.51,4,4,4,3.64,0.54,1.05,1.18,1.89,1.81,0.6,1.68,1.16,-0.33,1.74,0.63,0.09,0.46,15.81,185.18,310.85,421.14,-224.24,51.88,24.48,-241.15,149.29,-75.87,216.37,229.43,226.32,-279.48,-85.33,14.95,-131.23,192.32,-45.35,8.24,301.21,698.55,1083.25,1129.64,751.59,618.96,-2.56,-119.14,63.35,-23.38
-3.42,-4,-4,-4,-4,-3.36,-1.97,-1.16,-1.07,-0.39,-2.04,-0.77,1.81,4,4,4,4,1.93,0.42,0.95,2.43,2.04,0.53,0.7,1.94,0.21,1.07,1.1,-0.2,-0.55,-52.49,205.38,356.45,624.39,269.23,-348.08,106.99,-297.49,-2.75,122.01,145.69,287.41,329.16,-83.37,-384.16,56.4,-228.15,118.41,138.79,19.41,114.99,514.53,993.65,1108.76,830.93,572.75,236.33,-49.8,14.65,46.08
-3.33,-4,-4,-4,-4,-4,-2.13,-1.67,-0.79,-0.31,-2.2,-0.94,1.6,4,4,4,4,1.99,1.51,1.28,2.67,2.11,0.84,0.8,1.58,-0.74,1.73,1.36,-0.15,0.61,-95.58,169.92,249.57,465.21,304.63,-183.84,-45.23,-85.08,64.94,-115.17,-3.11,296.81,286.68,-21,-316.28,80.26,-280.21,177.92,19.84,-27.53,7.32,481.2,1008.36,1235.29,969.54,754.46,281.92,44.31,106.69,15.63
-3.65,-4,-4,-4,-4,-3.33,-2.04,-0.84,-0.73,-0.37,-1.87,-0.23,3.17,4,4,4,3.55,2.41,1.42,1.22,2.39,1.95,0.41,0.29,2.86,-0.12,0.52,0.59,0.38,0.46,-93.99,205.32,401.06,466.92,244.93,-206.91,7.75,6.84,-53.22,-1.83,42.97,424.93,274.48,-12.82,-536.74,212.59,-19.29,26.49,48.1,-4.58,38.88,545.53,1127.44,1457.76,882.32,420.17,206.97,60.79,18.86,10.8
-4,-4,-4,-4,-4,-1.39,-2.1,-0.4,0.03,0.1,-2.21,-0.82,2.53,4,4,4,1.12,0.12,0.48,1.05,1.15,0.82,1.48,4,4,1.2,2,-0.23,1.44,1.2,-59.51,120.48,271.06,268.62,-24.41,124.15,-110.72,39.49,-143.07,-30.64,188.96,98.69,-164.67,-252.62,-173.77,-156.37,158.51,4.88,-36.74,25.57,278.99,743.77,1248.78,1003.05,935.12,506.23,-208.31,-2.69,81.36,28.2
-4,-4,-4,-4,-4,-3.23,-0.56,-0.92,-0.16,-0.32,-2.02,-0.34,3.34,4,4,4,4,0.92,1.42,1.05,2.14,1.78,0.88,2.81,4,-0.45,2.08,0.34,-0.03,0.86,-29.54,100.65,538.7,389.83,-59.2,212.95,-256.1,142.58,-15.5,-164.37,153.75,512.82,53.65,-299.19,-114.87,8.18,-8.73,47.97,-21.85,-32.04,126.71,786.01,1246.4,1305.18,950.38,521.79,22.95,-10.38,-2.69,-44.49
-3.84,-4,-4,-4,-4,-4,-1.05,-2.38,-0.93,-0.44,-1.79,-0.51,3.12,4,4,4,4,1.5,1.43,1.44,1.88,1.87,1.16,1.59,1.6,-1.09,2.06,0.61,-0.27,0.18,-101.62,198.3,392.27,506.53,-3.78,-214.36,81.85,-333.31,202.94,-84.66,206.97,253.36,118.59,-218.02,-268.49,73.67,-359.44,218.32,-54.57,-30.88,88.56,661.5,1154.91,1329.04,1000.98,704.53,300.23,-82.09,122.44,20.26
-4,-4,-4,-4,-4,-3.55,-1.06,-1.74,-0.3,-0.48,-1.38,0.34,3.52,4,4,4,3.86,0.94,1.46,0.87,2.13,1.32,0.6,2.11,1.09,1.01,1.88,0.26,-0.06,0.75,9.83,171.51,364.2,390.01,-261.66,180.85,-165.34,16.72,-74.28,-206.3,138.06,351.99,140.62,-268.74,-33.75,-205.81,42.72,91.06,-26.86,-23.62,224.3,729.61,1251.22,1298.58,898.62,561.71,74.28,43.7,6.59,-57.56
-4,-4,-4,-2.16,-0.74,-0.69,-0.38,-0.37,-0.37,-0.39,1.42,3.44,4,4,3.08,1.45,0.89,0.47,0.33,0.43,2.33,4,3.07,2.4,2.32,0.61,0.36,0.95,0.44,0.26,329.53,218.26,25.45,-129.82,3.23,34.18,-106.93,-52.37,-0.98,-107.48,-263.24,-318.66,-135.74,-157.96,-13.24,78.67,38.33,21.42,50.35,37.05,1003.11,778.75,591.86,338.2,98.45,-35.28,-63.78,-102.23,-91.06,-91.25
-4,-4,-0.05,-2.16,0.17,-0.4,-0.37,-0.08,-0.33,-0.09,2.33,4,4,-0.81,1.47,1.54,1.85,1.28,0.15,0.01,2,3.99,0.2,1.64,2.78,0.97,0.5,0.66,1.3,0.78,314.88,86.12,65.19,566.22,118.96,-268.07,174.87,-148.8,-313.23,-43.46,-108.76,-185.91,17.15,452.58,-295.17,307.56,-43.88,75.99,106.99,5.37,779.3,552.31,515.56,881.53,-177.86,-102.29,-151.31,-236.76,-219.24,-215.21
-3.73,-4,-4,-4,-4,-3.38,-1.26,-0.72,-0.46,-0.24,-1.82,-0.95,1.43,4,4,4,4,2.6,1.32,1.1,2.18,2.07,0.84,1.02,2.84,1.02,0.69,0.89,0.41,0.37,-135.62,124.57,467.04,618.77,20.26,-363.53,184.2,-128.05,-49.32,-17.4,230.59,391.3,324.04,-258.97,-396.61,138.98,-85.94,85.39,35.03,-3.17,32.23,439.39,851.93,1144.78,721.37,554.38,272.58,-7.69,10.86,-30.46
-4,-4,-4,-4,-4,-2.37,-0.96,-0.6,-0.41,-0.23,-3.35,-0.92,2.35,4,4,4,3.7,2.27,1.39,1.09,1.73,1.92,0.95,1.54,2.99,0.26,0.73,0.92,0.31,0.16,41.81,199.77,450.07,496.34,-262.7,-65.67,97.9,-117.19,44.68,37.6,275.57,182.5,101.93,-402.83,-111.27,203.19,-67.99,83.62,64.7,47.06,146.42,671.39,999.51,1036.56,522.64,400.02,173.65,51.03,28.63,-9.4
-3.52,-4,-4,-4,-4,-3.89,-1.36,-0.57,-0.38,-0.15,-2.32,-1.87,1.13,4,4,4,4,2.5,1.28,1.13,2.4,2.7,0.31,0.91,2.19,0.92,0.16,0.97,0.84,0.51,-125.61,6.47,574.89,452.39,-197.27,-235.23,140.93,-174.62,-64.94,40.28,-34.67,360.78,189.76,-312.07,-248.47,177.43,-110.66,43.88,38.7,28.87,75.2,497.25,950.44,1123.17,693.48,542.48,198,-12.27,-31.68,-69.58
-3.03,-4,-4,-4,-4,-2.28,-1.23,-0.59,-0.74,0,-2.75,-1.79,0.26,3.42,4,4,3.46,3.65,1.33,1.24,1.81,2.19,0.98,0.49,2.11,2.02,0.65,0.97,0.09,0.19,-211.12,100.04,394.29,423.4,310.42,-290.34,-391.54,210.57,-52.49,-32.41,102.29,132.51,153.93,-39.12,-378.91,-50.42,265.62,38.15,214.6,13.24,-36.25,445.43,851.01,993.16,808.47,332.76,143.43,94.54,-110.9,-49.38
-3.37,-4,-4,-4,-4,-4,1,-1.88,-0.45,-0.27,-2.78,-2.25,1.67,4,4,4,4,0.05,1.26,1.43,1.88,2.59,1.24,1.67,3.4,-0.76,1.07,1.35,0.4,0.47,-149.66,-18.19,335.57,460.33,152.53,14.65,331.91,-428.1,317.93,-6.59,-18.8,337.95,246.34,-23.93,-165.22,234.56,-235.41,129.94,-84.23,-12.21,-64.21,533.69,1002.44,1213.26,827.51,780.46,-144.84,-100.59,46.33,-37.41
-4,-4,-4,-2.59,-0.39,-1.01,-0.6,-0.46,-0.44,-0.58,3.96,4,4,4,3.94,1.49,1.07,1.02,0.98,1.1,0.35,2.48,2.47,0,1.97,1.62,0.23,0.58,0.94,0.67,472.6,273.19,-270.87,321.11,-173.16,-11.29,104.61,-84.11,-84.59,-22.71,-19.04,-397.28,236.76,-146.36,-62.44,73.24,83.07,31.62,24.54,39.31,1084.29,1044.74,638.43,427.92,154.79,-14.16,-27.28,-59.2,-81.48,-120.67
-3.04,0.61,-0.79,-0.19,-0.11,-0.12,-0.24,-0.44,-0.73,-0.78,4,4,1.44,0.5,0.44,0.55,0.72,1.18,1.69,2.63,0.62,2.42,1.27,0.5,1.03,0.91,0.6,0.49,0.75,0.92,43.58,-59.88,105.1,15.5,-80.99,-49.01,-34.48,-66.22,-145.63,-340.88,-31.62,-101.38,62.44,2.81,17.09,35.16,35.4,6.59,2.2,-13.61,656.01,185.49,-98.02,-65.73,-53.59,-63.78,-67.44,-104.92,-154.17,-255.07
-3.56,-4,-4,-4,-4,-3.73,-0.2,-1.04,-0.16,-0.09,-2.18,-1.24,1.76,4,4,4,4,1.21,1.24,1.08,1.53,1.81,1.6,2.91,4,-0.79,0.83,1.2,0.62,0.66,100.65,127.5,81.18,498.66,136.84,-286.56,207.95,-198.79,109.68,-38.09,-49.38,-33.57,104.86,-246.83,-357.85,349,-281.98,76.17,-32.84,6.53,134.58,581.3,1136.41,1237.67,813.72,723.51,167.85,-44.07,10.01,-49.13
-3.55,-4,-4,-4,-4,-1.94,-0.19,-0.13,-0.31,-0.11,-2.71,-1.56,0.96,4,4,4,3.97,2,0.71,0.59,1.87,1.98,1.61,3.39,3.7,0.49,1.48,1.13,0.22,0.53,-75.44,117.37,217.71,385.07,212.04,-117.98,-10.19,39.92,40.89,-58.72,131.65,133.12,27.77,-174.13,-172,78.8,-55.05,77.7,25.21,-1.71,244.14,668.15,955.81,892.7,573.85,522.89,143.74,-68.73,-77.15,-75.5
-4,-4,-4,-2.6,-0.75,-1.38,-0.74,-0.54,-0.45,-0.43,3.38,4,3.88,4,2.64,0.73,1,0.91,0.94,1.04,0.88,2.84,1.42,0.62,1.13,0.9,0.15,0.36,0.52,0.38,448.18,120.3,-319.09,309.81,-181.52,-81.97,155.88,-117.8,-93.14,-4.39,-174.19,-319.09,263.24,-203.37,42.36,110.84,41.38,71.11,62.68,52.49,961.12,794.25,594.79,311.16,92.77,18.25,51.57,1.4,-18.68,-63.23
-4,-4,-4,-3.58,-0.97,-1.27,-1.4,-0.38,-0.78,-0.87,2.71,4,4,4,3.65,1.19,0.62,1.41,0.87,0.61,0.53,1.04,2.57,-0.71,0.99,1.01,0.64,0.3,0.49,0.42,548.28,383.79,47.91,-73.3,112,-364.62,73.91,57.62,-206.12,-60.18,16.24,-290.41,-257.63,182.68,-342.59,142.76,58.72,-20.87,89.78,61.77,963.81,1061.89,789.98,556.21,173.89,-15.26,105.96,78.43,-37.96,-8.48
-4,-4,-4,-4,-4,1.94,-1.44,-0.27,0.26,0.27,-2.81,-2.1,2.03,4,4,4,1.08,0.16,0.15,0.59,1.95,1.94,2.84,4,3.97,2.59,0.98,-0.22,1.05,0.99,134.4,138.31,436.71,169.56,48.16,1.65,74.95,155.03,-114.2,-68.42,-59.88,133.48,-300.72,-224.24,-47.24,-115.23,173.22,-44.86,14.71,38.82,273.68,754.64,1034.24,707.58,809.14,394.23,-211.85,-83.5,43.27,9.64
-3.05,-4,-4,-4,-4,-3.08,0,-0.34,-0.27,-0.13,-2,-1.83,1.03,3.98,4,4,4,1.37,0.6,0.36,2.75,2.81,2.33,4,4,0.94,1.68,1.07,0.38,0.64,13.06,131.35,606.87,505.62,237.55,-15.2,-73.61,8,62.56,-71.35,28.93,266.91,-66.35,-273.68,-266.11,27.4,-82.03,57.5,18.13,28.75,156.01,543.64,1009.58,997.13,608.64,564.27,195.8,-66.59,-79.41,-61.28
-3,-4,-4,-4,-4,-3.99,-0.74,-1.3,-0.23,-0.26,-1.97,-1.85,1.13,4,4,4,4,1.63,1.2,0.83,2.42,2.47,1.74,2.95,4,0.55,2.49,1.83,0.53,0.77,-126.59,57.74,600.83,755.37,106.45,-43.88,49.74,-4.39,79.53,-105.22,168.27,496.03,216.13,-233.28,-246.4,135.8,-224.55,67.26,2.38,21.85,118.16,507.75,997.8,1175.78,746.22,679.81,185.42,-43.76,-7.39,-62.13
-4,-4,-4,-4,-4,-3.14,-0.33,-1.95,-0.21,-0.42,-1.1,1.19,3.75,4,4,4,2.9,0.49,1.32,0.92,2.55,1.12,1.08,2.53,-0.17,1.32,2.26,0.6,0.16,0.69,67.63,474.85,551.21,253.72,-644.84,255.62,-199.04,25.02,147.46,-187.62,309.57,140.5,-114.38,-477.29,286.07,-361.69,72.14,158.81,-73.06,72.45,503.66,827.33,1167.66,929.63,664.25,420.84,57.19,47.73,57.98,-32.23
-3.74,-4,-4,-4,-4,-3.35,-0.66,-1.78,-0.88,-0.37,-2.87,-0.43,2.39,4,4,4,2.93,0.61,1.11,1.11,2.83,1.86,1.55,3.06,0.83,0.51,2.43,0.85,-0.18,0.46,-43.76,380,358.58,460.57,-374.33,52.49,-19.23,-228.03,219.18,-139.65,149.9,51.45,-109.92,-496.58,62.26,-119.32,-190.8,291.32,-84.35,16.66,219.79,673.83,1042.36,925.42,695.62,546.45,75.93,-25.57,112.3,28.56
-4,-4,-4,-4,-4,-3.19,-0.23,-1.57,-0.33,-0.26,-2.01,-0.57,2.6,4,4,4,4,0.74,1.38,1.4,2.41,2.08,0.64,2.24,3.7,-0.51,0.8,0.88,0.45,0.48,-76.29,187.56,496.09,396.79,-140.81,82.21,93.26,-151.67,73.61,-62.93,133.79,355.47,115.72,-377.99,-169.86,200.74,-189.94,43.52,-56.15,-14.59,20.14,602.54,1108.4,1201.78,867.8,697.75,94.73,17.4,70.31,8.54
-4,-4,-4,-4,-4,-4,-1.98,-1.85,-1.05,-0.33,-2.45,0.07,2.19,4,4,4,4,0.74,0.47,1.06,0.78,1.82,1.29,1.89,4,1.6,3.01,1.76,0.35,0.48,-232.24,-44.13,531.43,681.64,397.46,-184.02,152.16,-166.38,131.29,-25.33,319.64,385.25,232.73,-186.28,-556.64,8.97,-334.41,114.69,25.82,-16.91,25.09,565.55,957.52,1213.75,1014.59,856.02,325.44,-127.2,22.34,12.15
-4,-4,-4,-3.7,-0.46,-1.19,-0.58,-0.52,-0.38,-0.23,2.46,4,4,4,4,1.21,1.08,0.61,0.51,0.65,0.98,2.29,4,0.29,2.36,1.5,-0.04,0.38,1.09,0.83,232.79,418.58,177.37,23.74,-24.78,-122.8,164.37,-54.57,-106.2,-99.24,90.09,-276.86,-305.3,96.8,-200.81,162.23,42.11,7.81,8.54,69.4,1051.15,1277.34,868.16,754.88,104.13,-73,-22.34,-40.34,-4.39,-22.71
-4,-4,-4,-4,-2.68,0.17,-0.53,-0.32,-0.22,-0.21,-1.91,0.96,4,4,4,4,1.8,1.17,1.08,1.15,2.2,1.09,1.23,3.12,0.63,1.69,0.88,0.32,0.53,0.94,-3.54,329.9,365.6,-24.11,232.12,-12.7,-77.64,-12.08,-100.71,-174.99,285.83,179.32,-154.72,-35.64,-51.88,-89.36,64.45,-10.56,-8.12,-9.64,573.91,948.61,959.11,800.66,591.98,208.56,-64.03,-53.34,-67.5,-84.41
-4,-4,0.53,-2.15,-0.25,-0.3,-0.43,-0.49,-0.47,-0.71,4,4,4,0.67,1.79,1.45,1.21,0.98,1.23,1.59,3.62,0.95,1.57,0.76,0.56,0.67,0.76,0.56,0.26,0.32,-35.34,-72.33,251.71,-166.02,55.97,-111.82,-143.31,-110.47,-70.56,-73.91,-270.2,138.49,-243.96,45.65,-78.43,-15.56,24.72,40.28,29.54,18.55,869.38,743.35,371.22,-6.23,89.05,4.94,-56.34,-87.65,-124.57,-182.8
-4,-4,-3.69,-0.3,-1.98,-0.79,-0.58,-0.64,-0.79,-0.77,4,4,4,4,-0.26,0.79,1.2,1.12,0.91,1.12,1.79,4,-1.08,2.04,1.37,0.07,0.58,0.68,0.36,0.34,465.39,-48.16,208.5,-231.87,-21.55,185.42,-129.58,-157.29,-49.87,15.63,-383,-327.21,161.56,-9.52,46.33,-47.61,-24.54,13.73,33.87,14.47,1282.9,835.45,556.88,-38.15,-33.94,97.29,37.48,-9.83,-52.55,-86.49
-3.49,-4,-4,-4,-4,-2.51,-0.91,-0.93,-0.87,-0.49,-2.67,-2.17,1.1,4,4,4,3.99,1.84,0.62,1.21,2.77,2.89,0.78,0.49,2.54,0.16,0.29,0.8,0.63,0.4,-361.08,-25.7,832.34,502.44,118.47,18.55,100.59,-274.84,3.54,177.49,251.34,785.64,181.15,-142.46,-322.75,196.78,-100.34,21.36,-3.36,-36.13,-175.11,311.58,942.02,1300.84,758.61,407.47,115.91,-67.5,-13.85,20.75
-4,-4,-4,-1.07,-1.16,-0.91,-0.68,-0.4,-0.64,-0.59,2.79,4,4,4,2.8,0.61,0.56,0.89,0.66,0.77,0.46,1.01,3.85,-0.48,1.62,1.28,0.33,0.46,0.59,0.44,370.48,627.5,242.37,28.87,-15.08,-124.57,166.02,-37.11,-88.44,54.57,390.32,-116.64,-380.25,168.88,-142.7,92.71,-1.65,17.21,44.98,5.31,1031.62,1150.45,735.66,394.29,-173.58,-56.95,0.85,-14.04,-32.71,-34.24
-4,-4,-4,0.06,-1.84,-0.86,-0.55,-0.77,-0.64,-0.82,4,4,4,4,0.68,0.94,1.27,1.23,1.03,1.03,0.58,1.8,-0.18,0.07,1.25,0.97,0.34,-0.03,0.42,0.47,374.88,395.26,-256.04,320.37,-536.93,17.27,94.79,-98.63,-136.78,-14.47,56.7,-328.43,79.77,-381.9,105.35,-2.38,47.91,45.29,-8,11.6,1297.91,1144.65,874.45,87.65,-62.74,108.28,68.6,23.62,-17.15,-55.91
-4,-4,-4,-3.6,-1.49,-1.44,-0.55,-0.75,-0.67,-0.77,4,4,4,4,2.33,0.23,1.17,0.83,1.08,1.36,0.09,1.86,2.24,-0.62,1.29,1.03,-0.16,0.24,0.28,0.17,372.31,295.17,-64.45,232.54,-285.77,-77.58,148.68,-123.29,-149.11,-71.47,97.96,-275.76,-71.29,63.48,-18.55,49.87,12.33,-8.97,-8.97,5.8,1354.74,1253.72,903.02,491.39,-43.15,18.07,78.67,-8.61,-32.35,-107.18
-4,-4,-4,-0.54,-1.89,-0.83,-0.21,-0.56,-0.83,-0.96,4,4,4,3.95,1.1,0.9,1.4,1.27,1.14,1.32,2,1.3,-0.53,1.27,0.94,-0.03,0.12,0.21,0.19,0.19,417.05,-458.62,118.35,44.92,-474.37,196.41,111.51,-120.36,-140.56,104.06,-455.14,-74.89,63.84,-251.65,187.87,-5.19,-12.27,58.04,57.92,-11.35,1128.17,726.2,490.05,109.8,-136.54,51.39,9.28,-126.34,-158.26,-182.56
-4,-4,-4,-1.46,-2.33,-0.64,-0.88,-0.72,-0.67,-0.83,4,4,4,3.87,-0.27,1.97,1.54,1.21,1.28,1.4,0.18,1.85,-1.23,0.44,1.06,0.65,0.8,0.56,0.41,0.55,312.26,-149.05,210.33,-49.44,-265.44,42.72,-83.92,-23.99,-1.04,17.82,-49.74,-18.55,107.6,-121.89,23.99,-55.36,6.04,14.4,9.09,-12.94,1268.74,1078.31,822.94,-6.71,62.62,149.54,31.62,-4.88,-55.18,-170.1
-4,-4,-4,-1.49,-1.43,-1.31,-0.61,-0.61,-0.51,-0.83,3.94,4,4,4,1.19,-0.72,0.89,1.17,1.18,1.38,0.71,3.24,1.73,0.7,2.39,0.17,0.03,1.26,0.62,0.01,386.11,380.13,-267.88,173.77,-335.39,193.79,-150.63,-145.69,25.39,-40.1,-18.68,-387.88,10.99,-250.18,157.23,15.63,8.12,-12.82,36.8,24.84,1178.89,1041.08,921.94,433.41,-124.33,117.37,138.98,82.03,1.46,-63.11
-4,-4,-4,-4,-0.24,-2.19,-0.25,-0.85,-0.68,-0.58,2.65,4,4,4,3.75,0.2,1.44,0.63,0.73,1.01,2.28,3.86,0.11,2.01,2.61,-0.04,0.77,1.33,0.73,0.27,503.54,735.47,-174.68,216.67,-154.3,73.61,21.67,-221.68,58.47,44.62,21.79,-305.79,36.25,-391.48,17.7,26.25,-117.43,48.52,26.43,35.71,1182.86,1168.88,832.4,674.62,7.87,70.25,55.48,-44.8,-4.88,-69.58
-4,-4,-4,-3.36,-0.13,-1.69,-0.65,-0.39,-0.71,-0.6,3.48,4,4,4,3.72,1.05,1.01,1,0.65,0.71,1.56,2.66,0.19,1.04,2.19,1.24,-0.12,0.35,0.66,0.57,472.11,435.79,-153.99,197.69,-92.16,-247.07,139.83,-73.24,-154.3,-3.42,123.84,-198.61,97.29,-306.4,-118.16,197.88,4.64,7.32,20.51,-1.16,1108.34,1065.73,810.06,481.87,38.39,-101.81,-35.16,-71.11,-89.66,-73.06
-4,-4,-4,-4,-0.35,-1.6,-0.65,-0.57,-0.71,-0.55,3.15,4,4,4,4,1.43,1.21,1.27,0.88,0.81,0.82,0.55,1.33,-2.55,-0.22,1.47,0.24,0.11,0.25,0.55,413.76,200.2,-168.82,213.26,183.53,-458.37,152.22,18.25,-95.09,-51.21,293.15,-57.07,134.16,307.56,-337.52,83.25,32.23,23.62,11.23,-16.24,1063.11,1177.92,822.2,692.69,196.17,-5.74,47.06,-4.88,-21.79,-20.75
-3.94,-4,-4,-4,-4,-4,-1.31,-1.82,-1.24,-0.14,-1.72,0.56,3.95,4,4,4,3.69,0.79,0.74,1.3,2.33,1.5,1.24,2.93,2.68,-0.56,1.78,0.68,-0.23,0.55,-46.88,127.5,729.13,703.25,-66.77,-234.07,0.43,-96.68,141.24,-44.07,178.04,548.28,-17.15,-525.57,-399.72,134.7,-105.83,150.39,-41.08,-52.55,184.33,743.84,1169.56,1331.24,792.05,451.6,191.65,-33.02,92.22,30.21
-4,-4,-4,-4,-2.21,-0.13,-1.64,-0.71,-0.23,-0.45,2.59,4,4,4,4,3.05,0.88,0.94,1.09,0.87,1.17,2.55,1.7,-0.27,1.21,1.57,0.44,-0.07,0.16,0.04,699.16,1028.69,139.77,-771.12,393.98,-189.45,-307.74,201.05,71.96,-149.84,279.24,-504.39,-584.84,333.07,-403.81,41.2,289.25,-33.51,9.83,83.5,883.3,1273.19,976.56,523.32,404.11,57.07,-114.38,37.48,-30.58,-88.87
-4,-4,-4,-4,-0.24,-1.11,-1.21,-0.5,-0.26,-0.5,2.94,4,4,4,4,1.88,0.64,1.08,1.27,1.09,0.49,0.18,1.39,-0.23,0.88,1.39,0.61,0.28,0.36,0.16,246.28,357.42,348.94,-345.15,308.84,-343.87,-266.54,146.73,69.4,-110.72,324.1,33.02,-433.47,132.63,-362.18,120.24,114.5,-30.88,2.75,64.64,967.59,1252.87,1038.57,822.39,250.67,-88.2,-75.5,26.73,-24.35,-92.53
-4,-4,-4,-3.66,-0.66,-2.58,-0.96,-0.69,-0.99,-0.69,3.19,4,4,4,3.24,-0.28,0.8,1.65,1.03,1.35,0.04,0.52,1.6,-0.07,1.47,0.13,-0.12,0.12,0.25,0.09,606.32,716.61,-26.25,-148.44,-105.53,-242.55,51.27,-235.23,-27.89,80.93,303.96,-149.84,-323.49,-132.02,-82.89,100.89,97.66,58.47,-20.94,-13.79,1075.93,1362.79,885.07,505.13,129.46,-87.83,94.06,-73.97,-56.64,-53.65
-4,-4,-4,-3.88,-0.4,-1.67,-1.04,-0.5,-0.56,-0.46,3.87,4,4,4,3.68,0.99,0.49,0.75,0.75,0.64,0.3,1.67,0.36,0.37,1.61,0.77,-0.14,0.03,0.27,0.34,463.38,516.36,-527.71,98.27,-40.28,-308.17,14.71,44.86,-97.23,-91.49,42.91,-469.06,-5.49,-148.44,-104.43,216.19,86.06,-4.76,42.18,52.49,1227.72,1186.71,605.59,436.65,107.06,-147.34,-31.62,-31.31,-65,-78.74
-4,-4,-4,-4,-0.28,-2.17,-1.01,-0.55,-0.71,-0.47,2.58,4,4,4,4,0.87,1.33,1.54,1.16,0.83,0.77,0.2,0.77,-0.79,1.29,0.73,0.31,0.62,0.42,0.39,111.76,322.14,-42.6,-130.07,268.8,-399.11,21.97,-41.81,-78.49,9.77,281.49,66.22,-101.26,86.79,-297.85,191.16,-21.73,9.83,43.7,12.08,1073.55,1133.85,914.86,769.47,107.3,-57.37,84.66,-0.37,-48.03,-70.01
-4,-4,-4,-4,-4,-3.98,-0.15,-1.72,-0.32,-0.56,-2.67,-0.27,3.11,4,4,4,4,0.55,1.14,0.95,1.58,1.26,1.36,3.47,3.46,0.37,1.79,0.47,-0.18,0.73,-9.22,205.69,316.71,422.73,-269.47,237.3,-167.79,63.6,43.7,-180.85,129.21,205.99,16.78,-428.47,-24.35,-107.42,-61.1,56.09,-7.2,-34.48,170.35,760.62,1366.39,1377.75,873.41,680.6,14.4,-40.22,-28.44,-60.79
-3.73,-4,-4,-4,-4,-3.52,-0.81,-0.79,-1.21,-0.42,-2.37,-0.17,2.28,4,4,4,4,1.66,0.51,0.92,1.94,1.85,0.89,1.66,3.11,-0.65,1.07,1.1,0.22,-0.06,-177.12,159.97,402.59,680.73,284,-557.07,188.66,-252.44,-67.99,202.88,252.69,402.89,243.9,-247.62,-547.61,237.73,-434.14,191.1,122.07,-76.72,-25.7,614.26,1024.48,1248.54,983.22,656.74,126.65,-65.31,-25.15,44.62
-4,-4,-4,-4,-4,-3.17,-1,-1.1,-0.98,-0.54,-1.59,-0.5,2.29,4,4,4,3.51,1.12,0.72,1.04,1.85,0.23,0.18,0.98,2.57,0.52,1.05,0.69,0.01,0.15,-250.37,243.9,794.49,190.67,-145.08,182.01,-92.65,-169.49,32.35,16.78,573.67,736.63,-181.58,-264.47,-181.95,-18.55,-67.26,86.49,43.03,-5.37,247.01,585.39,1153.63,1257.02,718.75,350.83,118.1,-59.08,-10.07,-10.56
-4,-4,-4,-4,0.02,-1.88,-0.95,-0.31,-0.61,-0.73,3.35,4,4,4,4,1.44,0.96,1.35,1.18,1.1,0.34,1.26,1.31,-0.56,1.97,0.88,0.27,0.38,0.27,0.63,350.16,529.24,-138.67,-230.47,259.03,-402.59,121.22,91.25,-139.16,-119.02,130.86,-201.29,-151.79,15.87,-351.38,234.19,-22.16,-2.62,43.58,18.55,1103.09,1292.3,793.03,656.56,233.34,-182.8,38.27,-28.56,-114.01,-130.49
-4,-4,-4,-2.84,-0.64,-1.22,-0.72,-0.32,-0.53,-0.62,3.32,4,4,4,4,1.41,1.02,1.21,1.04,1.01,0.04,0.37,1.81,-0.73,1.17,0.87,0.28,0.42,0.54,0.49,103.21,323.73,294.98,-229.31,178.16,-162.54,-14.34,-32.47,-76.78,12.51,306.09,-9.58,-371.4,167.3,-157.04,108.76,28.38,-0.49,11.6,5.13,1052.98,1153.44,874.08,592.96,149.66,-69.09,11.72,-37.29,-91.49,-99.61
-4,-4,-4,-4,-1.83,-0.9,-0.98,-0.39,-0.33,-0.41,2.88,4,4,4,4,2.9,1.11,0.99,0.74,0.74,1.2,1.24,4,1.62,1.12,1.49,0.74,0.37,0.88,0.63,250.79,302.12,325.38,-101.68,4.39,-214.23,136.47,-34,-105.41,-58.17,121.09,-89.17,-405.88,176.64,-123.17,22.95,36.87,5.8,-3.66,7.2,1136.05,1427.98,1204.22,782.65,429.81,19.41,-40.22,-29.97,-40.04,-35.83
-4,-4,-4,-4,-1.63,-1.14,-0.7,-0.36,-0.35,-0.44,2.33,3.3,2.69,4,4,2.56,0.74,1.33,1.4,1.44,1.1,1.02,1.64,0.97,-0.01,1.36,0.97,0.52,0.43,0.42,444.58,38.64,42.05,192.44,340.52,2.32,-496.09,67.87,99.67,-40.71,-32.04,10.31,57.56,84.47,-28.44,-153.38,118.29,-30.09,-34.55,-24.84,825.38,789.43,633.18,648.25,525.45,-237.61,21.06,-17.33,-62.62,-88.81
-4,-4,-4,-3.99,-1.06,-1.31,-0.84,-0.33,-0.76,-0.81,3.66,4,4,4,3.43,1.03,0.98,1.37,0.73,0.81,0.22,0.8,1.96,-0.95,0.63,0.6,0.47,0.31,0.09,0.19,516.17,566.71,38.21,139.34,100.52,-455.26,71.59,140.01,-111.21,-104.92,349.43,-71.59,-11.78,154.85,-199.77,94.54,-15.69,0.24,56.27,-4.76,1131.23,1276.25,929.2,496.77,-63.9,-64.82,34.73,-13.37,-73.79,-53.83
-4,-4,-4,-0.43,-2.14,-0.31,-0.5,-0.65,-0.67,-0.64,3.35,4,4,4,1.4,1.12,0.94,1.04,1.18,1.15,-0.38,-0.7,-0.24,-2.85,0.02,0.93,0.71,-0.14,-0.22,0.19,580.63,242,23.25,405.94,-309.02,-296.69,32.29,177,4.21,-71.17,364.14,192.81,130.74,90.15,-165.77,-130.13,31.19,63.66,17.64,2.99,919.62,945.74,673.58,182.62,-161.13,57.74,3.3,-28.69,-35.34,-65.86
-4,-4,-4,-4,1.15,-1.46,-0.78,-0.36,-0.43,-0.64,2.79,4,4,4,4,1.5,0.87,1.18,0.9,0.87,0.5,0.77,2.05,-0.75,0.8,1.53,0.36,0.33,0.58,0.28,130.62,229.86,372.5,-324.1,347.96,-365.11,-156.43,75.13,-31.92,-76.48,259.52,21,-326.17,186.04,-401.67,151.55,70.07,-52.86,8.42,40.22,1062.13,1229.25,935.91,789.55,266.91,-117.07,-20.14,-20.32,-72.02,-70.68
-3.38,-4,-4,-4,-4,-4,-2.47,-1.16,-0.58,-0.49,-2.56,-1.15,1.28,3.27,3.96,4,4,2.68,0.67,0.6,1.38,1.09,0.71,1.66,3.46,1.28,1.27,1.88,0.16,0.44,-94.48,103.58,216.61,254.39,-22.77,-115.54,87.83,-146.61,141.78,-73.61,85.45,156.98,10.99,-273.56,-205.57,45.35,-151.61,122.01,35.16,1.4,234.44,710.94,1185.18,1183.78,895.14,785.71,399.41,-110.78,-5.68,-6.23
-3.06,-4,-4,-4,-4,-4,-4,-2.22,-1.33,-0.29,-1.75,-1.01,0.16,0.96,1.4,1.44,4,1.6,0.33,1.33,2.66,2.19,0.48,0.65,0.7,-0.55,0.43,1.47,0.7,0.24,-50.48,152.83,289.79,234.62,39.92,-220.28,654.24,-604.43,124.94,37.17,188.17,444.34,404.48,163.21,103.88,243.9,-286.38,221.37,-1.59,29.36,397.22,807.25,996.46,1024.29,860.29,729.06,578.67,-149.48,92.59,46.02
-4,-4,-4,-4,-1.16,-0.87,-1.13,-0.64,-0.62,-0.74,2.61,4,4,4,4,2.36,0.87,0.99,1.03,1.13,0.84,1.2,0.21,-0.96,1,0.87,0.01,0.27,0.53,0.35,340.76,372.01,26,-360.23,164.67,-114.32,-180.97,-14.22,-76.11,-103.82,131.65,-61.52,-117.43,14.22,-203,79.16,90.52,-59.69,-15.26,0.43,1117.07,1112.98,730.29,505.55,279.91,-62.44,-96.62,-63.84,-98.14,-114.81
